Name,AccountNumber,Site,Type,Industry,AnnualRevenue,Rating,Phone,Fax,Website,TickerSymbol,Ownership,NumberOfEmployees
Delta Ltd_020,ACC020,Main,Other,Manufacturing,8381266.0,Warm,+1-4746681092,+1-9023819788,www.deltaltd.com,DEL,Government,639.0
Global Industries_079,ACC079,Main,Prospect,Manufacturing,4595584.0,Hot,+1-9644331174,+1-4405044608,www.globalindustries.com,GLO,Other,291.0
Omega Systems_006,ACC006,HQ,Other,Transportation,1698123.0,Hot,+1-8163083949,+1-2303688640,www.omegasystems.com,OME,Private,366.0
Tech Inc_062,ACC062,Satellite,Partner,Retail,9003878.0,Hot,+1-6577469526,+1-5759305833,www.techinc.com,TEC,Other,723.0
Beta Inc,ACC002,HQ,Partner,Healthcare,2000000.0,Warm,+1-2345678901,+1-2345678902,www.beta.com,BTA,Private,200.0
TestAccount6,10000006,Site_G,Customer,Technology,3500000.0,Warm,+1-800-555-1006,+1-800-555-2006,https://testaccount6.com,SYM6,Private,80.0
Global Solutions_109,ACC109,Main,Competitor,Education,2468638.0,Warm,+1-9502023005,+1-1183691604,www.globalsolutions.com,GLO,Other,108.0
Elite Inc_054,ACC054,Regional,Partner,Healthcare,4835970.0,Warm,+1-6023907151,+1-3306602338,www.eliteinc.com,ELI,Private,848.0
Elite Group_175,ACC175,Satellite,Partner,Finance,2846433.0,Cold,+1-9126961296,+1-3553555024,www.elitegroup.com,ELI,Government,94.0
Smart Technologies_112,ACC112,Branch,Partner,Energy,1323789.0,Cold,+1-5361447480,+1-2368368483,www.smarttechnologies.com,SMA,Government,941.0
Smart Ltd,ACC016,Branch,Prospect,Manufacturing,4454062.0,Cold,+1-942-903-7953,+1-146-889-7054,www.smartltd.com,SMA,Private,215.0
Prime Solutions_094,ACC094,Branch,Prospect,Manufacturing,1460456.0,Warm,+1-5038526423,+1-2775804098,www.primesolutions.com,PRI,Government,616.0
Tech Solutions_024,ACC024,HQ,Partner,Finance,6097253.0,Cold,+1-6304137311,+1-3423796738,www.techsolutions.com,TEC,Other,529.0
Smart Solutions,ACC005,HQ,Partner,Manufacturing,3120421.0,Warm,+1-801-306-2271,+1-738-151-6434,www.smartsolutions.com,SMA,Subsidiary,132.0
Beta Inc_174,ACC174,Satellite,Prospect,Healthcare,4637992.0,Cold,+1-9484778561,+1-7343988713,www.betainc.com,BET,Public,454.0
Delta Group_168,ACC168,HQ,Partner,Energy,4081709.0,Cold,+1-3211581717,+1-9324327013,www.deltagroup.com,DEL,Other,362.0
Tech Group,ACC026,Main,Partner,Retail,2244013.0,Hot,+1-944-345-2076,+1-671-310-8106,www.techgroup.com,TEC,Subsidiary,292.0
Alpha Industries,ACC025,HQ,Partner,Retail,525349.0,Warm,+1-876-295-6331,+1-132-510-7743,www.alphaindustries.com,ALP,Public,487.0
TestAccount0,10000000,Site_A,Customer,Technology,500000.0,Warm,+1-800-555-1000,+1-800-555-2000,https://testaccount0.com,SYM0,Private,50.0
Elite Corp_100,ACC100,Main,Customer,Retail,7125541.0,Warm,+1-8421674339,+1-8363989424,www.elitecorp.com,ELI,Subsidiary,678.0
Alpha Ltd,ACC050,HQ,Partner,Technology,4724383.0,Hot,+1-515-321-6702,+1-796-671-8494,www.alphaltd.com,ALP,Private,415.0
TestAccount3,10000003,Site_D,Customer,Technology,2000000.0,Hot,+1-800-555-1003,+1-800-555-2003,https://testaccount3.com,SYM3,Public,65.0
Smart Systems_107,ACC107,Branch,Prospect,Education,4960273.0,Cold,+1-1216212178,+1-5389471060,www.smartsystems.com,SMA,Government,875.0
Delta Inc_161,ACC161,Main,Prospect,Energy,2960728.0,Cold,+1-9978556970,+1-6743054404,www.deltainc.com,DEL,Public,804.0
Prime Industries_007,ACC007,HQ,Other,Healthcare,6682058.0,Cold,+1-1781626580,+1-4664998165,www.primeindustries.com,PRI,Private,234.0
Tech Solutions_142,ACC142,Satellite,Partner,Construction,6289358.0,Cold,+1-4004197256,+1-6804713904,www.techsolutions.com,TEC,Government,906.0
Delta Dynamics_158,ACC158,Main,Other,Technology,753196.0,Hot,+1-4671283322,+1-1492108182,www.deltadynamics.com,DEL,Subsidiary,98.0
Tech Ltd_020,ACC020,Branch,Customer,Energy,2311822.0,Cold,+1-5838775718,+1-2082682015,www.techltd.com,TEC,Government,501.0
Elite Group_116,ACC116,Regional,Other,Retail,7736879.0,Hot,+1-9097343144,+1-5786539965,www.elitegroup.com,ELI,Public,364.0
Prime Ltd_135,ACC135,Main,Partner,Technology,1972621.0,Hot,+1-5359794433,+1-8932128393,www.primeltd.com,PRI,Other,933.0
TestAccount7,10000007,Site_H,Customer,Technology,4000000.0,Hot,+1-800-555-1007,+1-800-555-2007,https://testaccount7.com,SYM7,Public,85.0
Future Technologies_107,ACC107,Satellite,Customer,Media,7582661.0,Cold,+1-7056708708,+1-6896676261,www.futuretechnologies.com,FUT,Subsidiary,634.0
Smart Dynamics_195,ACC195,Regional,Prospect,Technology,3867525.0,Hot,+1-6275351418,+1-8524412388,www.smartdynamics.com,SMA,Government,159.0
Prime Ltd_170,ACC170,Branch,Competitor,Retail,3683940.0,Hot,+1-2134735942,+1-3772697973,www.primeltd.com,PRI,Other,771.0
Future Systems_166,ACC166,Branch,Prospect,Energy,640610.0,Hot,+1-9022005206,+1-8196694573,www.futuresystems.com,FUT,Subsidiary,535.0
Sample Account for Entitlements,,,,,,,,,,,,
Smart Industries_003,ACC003,Branch,Other,Retail,2176283.0,Warm,+1-1357799654,+1-4286475396,www.smartindustries.com,SMA,Public,531.0
Global Systems_014,ACC014,HQ,Other,Retail,5228815.0,Hot,+1-8069157904,+1-1071794037,www.globalsystems.com,GLO,Other,655.0
Alpha Dynamics_002,ACC002,Main,Other,Transportation,1081456.0,Cold,+1-1873206148,+1-3799563102,www.alphadynamics.com,ALP,Public,798.0
Global Industries,ACC011,Main,Prospect,Finance,3608947.0,Cold,+1-804-563-4832,+1-822-158-8167,www.globalindustries.com,GLO,Public,124.0
Omega Solutions_013,ACC013,HQ,Other,Transportation,3015580.0,Cold,+1-3392676427,+1-7945188749,www.omegasolutions.com,OME,Public,521.0
Smart Corp_104,ACC104,Satellite,Other,Media,5249396.0,Cold,+1-6294241262,+1-7209284898,www.smartcorp.com,SMA,Government,821.0
Beta Dynamics,ACC005,HQ,Prospect,Retail,3695199.0,Warm,+1-763-432-9758,+1-567-659-7294,www.betadynamics.com,BET,Private,230.0
Omega Solutions_016,ACC016,Branch,Competitor,Media,1661219.0,Cold,+1-6142835539,+1-2924748896,www.omegasolutions.com,OME,Government,466.0
TestAccount5,10000005,Site_F,Customer,Technology,3000000.0,Hot,+1-800-555-1005,+1-800-555-2005,https://testaccount5.com,SYM5,Public,75.0
Elite Corp_040,ACC040,Branch,Competitor,Education,2632126.0,Hot,+1-1893399993,+1-5296649329,www.elitecorp.com,ELI,Government,859.0
Gamma Ltd,ACC003,Branch,Customer,Finance,1500000.0,Cold,+1-3456789012,+1-3456789013,www.gamma.com,GAM,Public,150.0
Future International,ACC008,Main,Customer,Technology,1279365.0,Hot,+1-455-317-9957,+1-102-998-2048,www.futureinternational.com,FUT,Subsidiary,213.0
Global Industries,ACC011,Main,Prospect,Finance,3608947.0,Cold,+1-804-563-4832,+1-822-158-8167,www.globalindustries.com,GLO,Public,124.0
Alpha Technologies_024,ACC024,HQ,Partner,Finance,9538158.0,Cold,+1-1188642463,+1-6139326853,www.alphatechnologies.com,ALP,Other,738.0
Elite Dynamics_114,ACC114,Branch,Other,Energy,4144289.0,Hot,+1-4279092177,+1-4061805180,www.elitedynamics.com,ELI,Other,395.0
Delta Ltd_116,ACC116,Satellite,Competitor,Finance,6087542.0,Cold,+1-4951608517,+1-9528975260,www.deltaltd.com,DEL,Subsidiary,921.0
Smart Inc_084,ACC084,Branch,Customer,Media,3786436.0,Hot,+1-1257486286,+1-4662735291,www.smartinc.com,SMA,Public,283.0
Omega International_159,ACC159,Regional,Prospect,Media,7117413.0,Warm,+1-7707816385,+1-4599728091,www.omegainternational.com,OME,Public,769.0
Delta Solutions_166,ACC166,Branch,Other,Healthcare,8674203.0,Warm,+1-3775506355,+1-6538515086,www.deltasolutions.com,DEL,Other,400.0
Beta Inc,ACC002,HQ,Partner,Healthcare,2000000.0,Warm,+1-2345678901,+1-2345678902,www.beta.com,BTA,Private,200.0
Elite Inc_138,ACC138,Regional,Partner,Transportation,7833770.0,Cold,+1-8624176698,+1-5846858936,www.eliteinc.com,ELI,Private,270.0
Global Dynamics_141,ACC141,HQ,Partner,Education,2085348.0,Hot,+1-9957996816,+1-8137084096,www.globaldynamics.com,GLO,Subsidiary,798.0
Prime Technologies_174,ACC174,Main,Other,Transportation,5609042.0,Hot,+1-2206696737,+1-6421295332,www.primetechnologies.com,PRI,Private,376.0
Elite Technologies_124,ACC124,Main,Prospect,Manufacturing,4288209.0,Cold,+1-6245061429,+1-5429635037,www.elitetechnologies.com,ELI,Public,997.0
Alpha Solutions,ACC032,Branch,Customer,Technology,3375811.0,Hot,+1-433-362-7306,+1-118-432-3832,www.alphasolutions.com,ALP,Public,66.0
Tech Technologies,ACC003,Main,Customer,Healthcare,4344136.0,Cold,+1-627-768-7176,+1-819-269-5536,www.techtechnologies.com,TEC,Subsidiary,489.0
Prime Corp,ACC026,Branch,Prospect,Retail,4534334.0,Warm,+1-188-435-5155,+1-829-878-6905,www.primecorp.com,PRI,Subsidiary,70.0
Tech Technologies,ACC003,Main,Customer,Healthcare,4344136.0,Cold,+1-627-768-7176,+1-819-269-5536,www.techtechnologies.com,TEC,Subsidiary,489.0
Elite Ltd_043,ACC043,HQ,Competitor,Construction,4026121.0,Warm,+1-5477122972,+1-8155433168,www.eliteltd.com,ELI,Subsidiary,332.0
Prime Systems_085,ACC085,Main,Prospect,Finance,7896433.0,Warm,+1-1863244803,+1-2767394700,www.primesystems.com,PRI,Government,869.0
Beta Industries_113,ACC113,Branch,Customer,Transportation,7757952.0,Warm,+1-7365806648,+1-7088085833,www.betaindustries.com,BET,Private,656.0
Elite Corp,ACC026,Main,Partner,Retail,1652020.0,Hot,+1-835-926-2335,+1-478-987-6860,www.elitecorp.com,ELI,Subsidiary,371.0
Delta Corp_164,ACC164,Satellite,Partner,Education,2167180.0,Cold,+1-2352709007,+1-8893696138,www.deltacorp.com,DEL,Other,456.0
Edge Communications,CD451796,,Customer - Direct,Electronics,139000000.0,Hot,(512) 757-6000,(512) 757-9000,http://edgecomm.com,EDGE,Public,1000.0
Burlington Textiles Corp of America,CD656092,,Customer - Direct,Apparel,350000000.0,Warm,(336) 222-7000,(336) 222-8000,www.burlington.com,BTXT,Public,9000.0
Pyramid Construction Inc.,CC213425,,Customer - Channel,Construction,950000000.0,,(014) 427-4427,(014) 427-4428,www.pyramid.com,PYR,Public,2680.0
Dickenson plc,CC634267,,Customer - Channel,Consulting,50000000.0,,(785) 241-6200,(785) 241-6201,dickenson-consulting.com,,Private,120.0
Grand Hotels & Resorts Ltd,CD439877,,Customer - Direct,Hospitality,500000000.0,Warm,(312) 596-1000,(312) 596-1500,www.grandhotels.com,GHTL,Public,5600.0
United Oil & Gas Corp.,CD355118,,Customer - Direct,Energy,5600000000.0,Hot,(212) 842-5500,(212) 842-5501,http://www.uos.com,UOS,Public,145000.0
Express Logistics and Transport,CC947211,,Customer - Channel,Transportation,950000000.0,Cold,(503) 421-7800,(503) 421-7801,www.expressl&t.net,EXLT,Public,12300.0
University of Arizona,CD736025,,Customer - Direct,Education,,Warm,(520) 773-9050,(520) 773-9060,www.universityofarizona.com,,Other,39000.0
"United Oil & Gas, UK",CD355119-A,,Customer - Direct,Energy,,,+44 191 4956203,+44 191 4956620,http://www.uos.com,UOS,Public,24000.0
"United Oil & Gas, Singapore",CD355120-B,,Customer - Direct,Energy,,,(650) 450-8810,(650) 450-8820,http://www.uos.com,UOS,Public,3000.0
GenePoint,CC978213,,Customer - Channel,Biotechnology,30000000.0,Cold,(650) 867-3450,(650) 867-9895,www.genepoint.com,,Private,265.0
sForce,,,,,,,(415) 901-7000,(415) 901-7002,www.sforce.com,,,
Tech Ltd_052,ACC052,Branch,Other,Transportation,8314745.0,Cold,+1-7527933589,+1-7515715249,www.techltd.com,TEC,Public,948.0
Prime Industries,ACC024,Branch,Prospect,Retail,2115468.0,Cold,+1-513-635-3108,+1-965-707-5692,www.primeindustries.com,PRI,Public,186.0
Tech Group,ACC026,Main,Partner,Retail,2244013.0,Hot,+1-944-345-2076,+1-671-310-8106,www.techgroup.com,TEC,Subsidiary,292.0
Prime Ltd_103,ACC103,Main,Competitor,Media,1881102.0,Warm,+1-4717725874,+1-8814251962,www.primeltd.com,PRI,Other,284.0
Global Systems_144,ACC144,Main,Customer,Energy,8287098.0,Warm,+1-6341349679,+1-8479828378,www.globalsystems.com,GLO,Other,512.0
Elite Corp,ACC015,Main,Partner,Finance,3778708.0,Cold,+1-228-829-6146,+1-192-185-2963,www.elitecorp.com,ELI,Private,84.0
Delta Technologies_048,ACC048,Satellite,Prospect,Manufacturing,5569373.0,Hot,+1-8083827114,+1-2627772948,www.deltatechnologies.com,DEL,Other,72.0
Omega Systems_068,ACC068,Main,Other,Education,2091038.0,Hot,+1-7938067374,+1-9749594988,www.omegasystems.com,OME,Other,632.0
Omega Inc,ACC012,HQ,Customer,Healthcare,4843798.0,Warm,+1-194-150-7112,+1-242-824-9674,www.omegainc.com,OME,Public,458.0
Gamma Ltd,ACC003,Branch,Customer,Finance,1500000.0,Cold,+1-3456789012,+1-3456789013,www.gamma.com,GAM,Public,150.0
Future Solutions_178,ACC178,Satellite,Partner,Manufacturing,6798425.0,Cold,+1-2865349424,+1-7658229900,www.futuresolutions.com,FUT,Private,586.0
Tech Technologies_131,ACC131,Regional,Customer,Education,3743448.0,Warm,+1-1401117776,+1-1516033588,www.techtechnologies.com,TEC,Public,543.0
Elite Group_015,ACC015,Satellite,Partner,Construction,4942033.0,Hot,+1-4891724672,+1-3638645435,www.elitegroup.com,ELI,Public,614.0
Beta Corp_143,ACC143,Satellite,Competitor,Construction,981208.0,Hot,+1-3427869238,+1-1434237270,www.betacorp.com,BET,Government,664.0
Tech Technologies,ACC039,HQ,Customer,Healthcare,4609837.0,Cold,+1-286-841-6756,+1-374-181-5863,www.techtechnologies.com,TEC,Public,164.0
Future Ltd,ACC045,Branch,Prospect,Finance,3945264.0,Warm,+1-611-496-9338,+1-703-872-1035,www.futureltd.com,FUT,Public,421.0
Alpha Industries_125,ACC125,Satellite,Prospect,Healthcare,2511579.0,Warm,+1-8743458648,+1-8663891984,www.alphaindustries.com,ALP,Other,588.0
TestAccount9,10000009,Site_J,Customer,Technology,5000000.0,Hot,+1-800-555-1009,+1-800-555-2009,https://testaccount9.com,SYM9,Public,95.0
Alpha Corp_172,ACC172,Main,Customer,Energy,9420416.0,Warm,+1-7368436438,+1-9694244259,www.alphacorp.com,ALP,Private,632.0
Future Systems_003,ACC003,Satellite,Other,Finance,8134448.0,Hot,+1-2233925606,+1-6913459504,www.futuresystems.com,FUT,Subsidiary,53.0
Delta Ltd_156,ACC156,Satellite,Prospect,Media,5180522.0,Hot,+1-3607028290,+1-8294418149,www.deltaltd.com,DEL,Private,628.0
Delta International_148,ACC148,Satellite,Other,Manufacturing,6047727.0,Cold,+1-3648666308,+1-8108783313,www.deltainternational.com,DEL,Private,830.0
Tech Technologies,ACC031,Branch,Prospect,Healthcare,1104540.0,Cold,+1-746-308-8642,+1-296-766-5974,www.techtechnologies.com,TEC,Private,495.0
Delta Ltd_009,ACC009,Branch,Customer,Media,4817036.0,Warm,+1-1844368999,+1-1562507228,www.deltaltd.com,DEL,Private,884.0
Elite Dynamics_056,ACC056,HQ,Customer,Healthcare,1842675.0,Hot,+1-4445962547,+1-2716267378,www.elitedynamics.com,ELI,Government,880.0
Alpha Systems,ACC013,Branch,Customer,Manufacturing,4603772.0,Hot,+1-557-705-1894,+1-774-391-7360,www.alphasystems.com,ALP,Subsidiary,247.0
Global Systems,ACC017,Main,Partner,Finance,2147481.0,Warm,+1-630-491-1866,+1-895-440-8572,www.globalsystems.com,GLO,Public,462.0
TestAccount5,10000005,Site_F,Customer,Technology,3000000.0,Hot,+1-800-555-1005,+1-800-555-2005,https://testaccount5.com,SYM5,Public,75.0
Future Group,ACC046,HQ,Customer,Retail,2880366.0,Warm,+1-295-894-7728,+1-386-126-8920,www.futuregroup.com,FUT,Private,486.0
Elite Dynamics,ACC049,Main,Customer,Retail,2053486.0,Warm,+1-399-222-6266,+1-359-470-1699,www.elitedynamics.com,ELI,Subsidiary,376.0
Delta International,ACC049,Branch,Customer,Manufacturing,4937654.0,Warm,+1-210-654-4098,+1-602-796-7280,www.deltainternational.com,DEL,Public,191.0
TestAccount1,10000001,Site_B,Customer,Technology,1000000.0,Hot,+1-800-555-1001,+1-800-555-2001,https://testaccount1.com,SYM1,Public,55.0
Delta Dynamics,ACC050,HQ,Partner,Healthcare,1826589.0,Hot,+1-309-482-9539,+1-583-449-4273,www.deltadynamics.com,DEL,Public,219.0
Omega Technologies_105,ACC105,Branch,Other,Healthcare,2555971.0,Cold,+1-4896285075,+1-1613206756,www.omegatechnologies.com,OME,Private,435.0
Smart International_047,ACC047,Regional,Prospect,Energy,4441804.0,Cold,+1-4895278516,+1-3727312990,www.smartinternational.com,SMA,Government,972.0
Omega Inc_080,ACC080,Regional,Competitor,Media,8581540.0,Cold,+1-6701634961,+1-8412252584,www.omegainc.com,OME,Other,776.0
Tech Technologies_105,ACC105,Regional,Prospect,Retail,1411579.0,Hot,+1-8669747112,+1-7066105315,www.techtechnologies.com,TEC,Public,589.0
Global Inc,ACC021,HQ,Customer,Finance,4316172.0,Warm,+1-748-572-9966,+1-825-401-1103,www.globalinc.com,GLO,Subsidiary,241.0
Alpha Ltd,ACC031,Branch,Customer,Healthcare,2914932.0,Cold,+1-657-322-1015,+1-328-541-4957,www.alphaltd.com,ALP,Subsidiary,150.0
Delta Dynamics_072,ACC072,Branch,Partner,Technology,7430631.0,Cold,+1-4183932497,+1-6939605659,www.deltadynamics.com,DEL,Other,629.0
Future Industries_035,ACC035,HQ,Customer,Finance,6829795.0,Warm,+1-9685663959,+1-8937016523,www.futureindustries.com,FUT,Subsidiary,542.0
Smart Systems,ACC037,HQ,Partner,Finance,501542.0,Warm,+1-147-226-6567,+1-551-224-8529,www.smartsystems.com,SMA,Public,301.0
Prime Ltd_074,ACC074,Satellite,Partner,Education,5156002.0,Cold,+1-1987128752,+1-9804114720,www.primeltd.com,PRI,Public,894.0
Elite Corp_118,ACC118,HQ,Partner,Retail,8729522.0,Cold,+1-4036383495,+1-9916422794,www.elitecorp.com,ELI,Public,54.0
Alpha Solutions_153,ACC153,Satellite,Partner,Retail,5889198.0,Cold,+1-4323175041,+1-2705639508,www.alphasolutions.com,ALP,Public,904.0
Smart International_030,ACC030,Regional,Customer,Healthcare,6908706.0,Cold,+1-3173544807,+1-2124757711,www.smartinternational.com,SMA,Public,726.0
Elite International_188,ACC188,Satellite,Competitor,Technology,1256259.0,Hot,+1-9698387162,+1-5246533318,www.eliteinternational.com,ELI,Public,85.0
Beta Corp,ACC035,HQ,Prospect,Retail,838688.0,Warm,+1-124-187-3287,+1-146-576-2486,www.betacorp.com,BET,Public,200.0
Smart Ltd_097,ACC097,HQ,Partner,Education,7821264.0,Warm,+1-7955853175,+1-9427386992,www.smartltd.com,SMA,Private,71.0
Alpha Solutions_015,ACC015,Branch,Customer,Transportation,1754537.0,Cold,+1-5733387062,+1-6683637637,www.alphasolutions.com,ALP,Other,632.0
Tech Solutions_006,ACC006,Satellite,Customer,Transportation,6360675.0,Hot,+1-5647794427,+1-2631291238,www.techsolutions.com,TEC,Government,448.0
Elite Systems_005,ACC005,Regional,Prospect,Finance,8736043.0,Hot,+1-3808062237,+1-3753483771,www.elitesystems.com,ELI,Other,364.0
Delta Group_052,ACC052,Regional,Competitor,Retail,9170526.0,Hot,+1-2882699457,+1-5068534140,www.deltagroup.com,DEL,Subsidiary,673.0
Alpha Systems,ACC013,Branch,Customer,Manufacturing,4603772.0,Hot,+1-557-705-1894,+1-774-391-7360,www.alphasystems.com,ALP,Subsidiary,247.0
Delta Corp_085,ACC085,Branch,Other,Construction,9933464.0,Cold,+1-6843956976,+1-8569427343,www.deltacorp.com,DEL,Government,156.0
Smart Technologies,ACC031,HQ,Partner,Finance,2743518.0,Cold,+1-683-173-3129,+1-736-905-1976,www.smarttechnologies.com,SMA,Private,167.0
Alpha International,ACC019,HQ,Partner,Healthcare,3898726.0,Cold,+1-482-563-2707,+1-947-635-1671,www.alphainternational.com,ALP,Public,208.0
Smart Industries_039,ACC039,HQ,Prospect,Transportation,1851806.0,Cold,+1-9361312737,+1-8499847325,www.smartindustries.com,SMA,Subsidiary,75.0
Prime Inc_042,ACC042,Branch,Competitor,Manufacturing,8105961.0,Warm,+1-7997806820,+1-8221528959,www.primeinc.com,PRI,Subsidiary,849.0
Elite Technologies_126,ACC126,HQ,Other,Transportation,7829618.0,Warm,+1-6661919692,+1-9516502596,www.elitetechnologies.com,ELI,Public,953.0
Tech International_147,ACC147,Regional,Prospect,Energy,632714.0,Cold,+1-7614506292,+1-6616142189,www.techinternational.com,TEC,Government,677.0
Alpha Systems_199,ACC199,Branch,Competitor,Education,1244417.0,Cold,+1-4841283304,+1-7319599202,www.alphasystems.com,ALP,Private,331.0
Omega International_066,ACC066,Main,Prospect,Energy,9273808.0,Cold,+1-2976944985,+1-9737327306,www.omegainternational.com,OME,Public,87.0
Delta Systems_023,ACC023,Regional,Other,Healthcare,4013931.0,Hot,+1-4143616140,+1-5942604217,www.deltasystems.com,DEL,Public,385.0
Elite Dynamics_018,ACC018,HQ,Partner,Media,3763845.0,Cold,+1-2855523158,+1-5045819260,www.elitedynamics.com,ELI,Public,899.0
Global Group_146,ACC146,Regional,Customer,Manufacturing,9291139.0,Hot,+1-4569277505,+1-4175341616,www.globalgroup.com,GLO,Public,297.0
Delta Systems_129,ACC129,Main,Partner,Technology,5624444.0,Hot,+1-2381353014,+1-4807989612,www.deltasystems.com,DEL,Government,98.0
Elite Corp_160,ACC160,Satellite,Prospect,Transportation,8837577.0,Hot,+1-3352621616,+1-1973551057,www.elitecorp.com,ELI,Subsidiary,74.0
Beta Corp_017,ACC017,HQ,Prospect,Retail,1796269.0,Warm,+1-9139204184,+1-5826244413,www.betacorp.com,BET,Subsidiary,623.0
Smart Solutions_124,ACC124,Main,Prospect,Healthcare,8215849.0,Hot,+1-2306298130,+1-5566357006,www.smartsolutions.com,SMA,Subsidiary,897.0
Alpha Systems_145,ACC145,Main,Customer,Manufacturing,2583773.0,Hot,+1-4329656773,+1-7425855207,www.alphasystems.com,ALP,Subsidiary,517.0
Prime International,ACC049,Branch,Prospect,Manufacturing,4145514.0,Cold,+1-564-549-5116,+1-216-599-6227,www.primeinternational.com,PRI,Subsidiary,496.0
Smart Corp_008,ACC008,Main,Competitor,Construction,6375875.0,Hot,+1-1341592757,+1-7534016491,www.smartcorp.com,SMA,Subsidiary,921.0
Beta Inc_028,ACC028,Main,Prospect,Retail,4640649.0,Cold,+1-5609991848,+1-2903467747,www.betainc.com,BET,Government,618.0
TestAccount8,10000008,Site_I,Customer,Technology,4500000.0,Warm,+1-800-555-1008,+1-800-555-2008,https://testaccount8.com,SYM8,Private,90.0
Future Inc_150,ACC150,Main,Competitor,Media,4769638.0,Cold,+1-4893584765,+1-8795093877,www.futureinc.com,FUT,Public,288.0
Acme Corp,ACC001,Main,Customer,Technology,1000000.0,Hot,+1-1234567890,+1-1234567891,www.acme.com,ACM,Public,100.0
Future Systems_034,ACC034,Satellite,Other,Technology,2561560.0,Warm,+1-8308298222,+1-5212583190,www.futuresystems.com,FUT,Public,940.0
Beta Inc_136,ACC136,Regional,Other,Media,4208510.0,Cold,+1-7299443472,+1-3065008155,www.betainc.com,BET,Public,824.0
Beta Solutions_184,ACC184,Satellite,Partner,Finance,1858411.0,Warm,+1-1979506248,+1-5291769231,www.betasolutions.com,BET,Public,523.0
Omega Inc_016,ACC016,Satellite,Other,Education,4764060.0,Hot,+1-7902343863,+1-7327879802,www.omegainc.com,OME,Public,792.0
Tech Technologies,ACC039,HQ,Customer,Healthcare,4609837.0,Cold,+1-286-841-6756,+1-374-181-5863,www.techtechnologies.com,TEC,Public,164.0
Alpha Systems_017,ACC017,Satellite,Other,Media,9671581.0,Warm,+1-6908154096,+1-2852258523,www.alphasystems.com,ALP,Subsidiary,985.0
Omega Dynamics_038,ACC038,Branch,Prospect,Transportation,8732306.0,Hot,+1-9421232244,+1-6041694266,www.omegadynamics.com,OME,Subsidiary,606.0
Prime Technologies,ACC012,Branch,Customer,Manufacturing,3147773.0,Cold,+1-758-677-6543,+1-625-157-8355,www.primetechnologies.com,PRI,Subsidiary,319.0
Prime Systems_097,ACC097,Regional,Other,Retail,9947247.0,Cold,+1-8156634643,+1-3099564064,www.primesystems.com,PRI,Subsidiary,685.0
Tech Systems,ACC033,Branch,Partner,Healthcare,2927468.0,Warm,+1-117-646-1906,+1-990-215-9265,www.techsystems.com,TEC,Private,300.0
Smart Systems,ACC032,HQ,Partner,Finance,4185061.0,Hot,+1-132-795-1392,+1-976-934-4342,www.smartsystems.com,SMA,Subsidiary,138.0
Tech Systems_051,ACC051,Branch,Customer,Healthcare,8799959.0,Warm,+1-5445631466,+1-8554049775,www.techsystems.com,TEC,Government,298.0
Future Technologies_139,ACC139,HQ,Partner,Construction,756612.0,Cold,+1-7009621209,+1-6235221437,www.futuretechnologies.com,FUT,Subsidiary,268.0
Omega Ltd_187,ACC187,Regional,Competitor,Manufacturing,5398712.0,Cold,+1-6305208718,+1-3901795963,www.omegaltd.com,OME,Government,734.0
Elite Inc_188,ACC188,Branch,Other,Education,7006350.0,Warm,+1-6202431001,+1-8521205401,www.eliteinc.com,ELI,Public,566.0
Beta Technologies,ACC035,Main,Prospect,Finance,2193921.0,Hot,+1-568-244-3579,+1-641-759-7533,www.betatechnologies.com,BET,Subsidiary,63.0
Beta Ltd_001,ACC001,Satellite,Other,Healthcare,6518118.0,Hot,+1-3062169950,+1-3484025959,www.betaltd.com,BET,Subsidiary,275.0
Elite Ltd,ACC022,HQ,Customer,Finance,2420612.0,Warm,+1-618-355-1585,+1-666-249-5761,www.eliteltd.com,ELI,Public,453.0
Beta Dynamics,ACC028,Branch,Prospect,Manufacturing,1302326.0,Hot,+1-255-994-6346,+1-793-614-6511,www.betadynamics.com,BET,Private,191.0
Future Inc_081,ACC081,Regional,Other,Technology,9778403.0,Cold,+1-9593761615,+1-6476118002,www.futureinc.com,FUT,Private,101.0
Smart Dynamics,ACC004,Main,Customer,Technology,3294493.0,Cold,+1-623-196-1550,+1-143-313-5913,www.smartdynamics.com,SMA,Subsidiary,124.0
Smart Group_186,ACC186,Regional,Other,Transportation,2578565.0,Hot,+1-4556426617,+1-4611106750,www.smartgroup.com,SMA,Subsidiary,889.0
Delta Group_187,ACC187,HQ,Other,Finance,9541030.0,Cold,+1-9819644269,+1-3509479265,www.deltagroup.com,DEL,Government,220.0
Alpha Industries_194,ACC194,Main,Prospect,Construction,7346424.0,Warm,+1-9333541775,+1-3643672992,www.alphaindustries.com,ALP,Public,936.0
Smart Systems,ACC037,HQ,Partner,Finance,501542.0,Warm,+1-147-226-6567,+1-551-224-8529,www.smartsystems.com,SMA,Public,301.0
Elite Industries,ACC002,Branch,Partner,Finance,2886128.0,Hot,+1-284-838-2031,+1-740-838-5441,www.eliteindustries.com,ELI,Private,216.0
Elite Corp,ACC037,HQ,Customer,Finance,3282424.0,Cold,+1-592-428-7194,+1-861-950-6931,www.elitecorp.com,ELI,Public,476.0
Prime International,ACC038,Branch,Customer,Technology,4974428.0,Cold,+1-914-877-3697,+1-901-786-8731,www.primeinternational.com,PRI,Subsidiary,338.0
Omega International_149,ACC149,Satellite,Partner,Retail,3917075.0,Cold,+1-4495148329,+1-2105806941,www.omegainternational.com,OME,Private,352.0
Alpha Technologies,ACC014,HQ,Customer,Manufacturing,3563844.0,Warm,+1-998-369-1144,+1-500-559-1584,www.alphatechnologies.com,ALP,Subsidiary,113.0
Delta Dynamics_093,ACC093,Satellite,Customer,Technology,2291728.0,Warm,+1-9781879061,+1-4631929123,www.deltadynamics.com,DEL,Other,869.0
Prime Inc,ACC044,Branch,Prospect,Manufacturing,1454229.0,Warm,+1-806-873-1806,+1-966-579-4527,www.primeinc.com,PRI,Private,91.0
TestAccount4,10000004,Site_E,Customer,Technology,2500000.0,Warm,+1-800-555-1004,+1-800-555-2004,https://testaccount4.com,SYM4,Private,70.0
Global Technologies_071,ACC071,HQ,Partner,Energy,3363589.0,Warm,+1-3498752374,+1-5614664615,www.globaltechnologies.com,GLO,Public,386.0
Omega Technologies_165,ACC165,HQ,Prospect,Transportation,2615022.0,Hot,+1-9759988569,+1-5686202133,www.omegatechnologies.com,OME,Government,634.0
Prime Corp_026,ACC026,Main,Other,Education,4428009.0,Cold,+1-9573622185,+1-8698834055,www.primecorp.com,PRI,Private,717.0
Alpha Inc_121,ACC121,HQ,Partner,Manufacturing,2352712.0,Hot,+1-6651245589,+1-4169197295,www.alphainc.com,ALP,Subsidiary,431.0
Global Systems,ACC004,Branch,Partner,Healthcare,3333360.0,Warm,+1-170-233-9677,+1-926-794-8461,www.globalsystems.com,GLO,Subsidiary,421.0
Beta Technologies_032,ACC032,Regional,Customer,Transportation,2823927.0,Cold,+1-4128977621,+1-3585581579,www.betatechnologies.com,BET,Other,592.0
Global Industries_189,ACC189,HQ,Customer,Manufacturing,910872.0,Cold,+1-6723919780,+1-8693475083,www.globalindustries.com,GLO,Subsidiary,960.0
TestAccount2,10000002,Site_C,Customer,Technology,1500000.0,Warm,+1-800-555-1002,+1-800-555-2002,https://testaccount2.com,SYM2,Private,60.0
Prime Dynamics_170,ACC170,HQ,Partner,Education,6933821.0,Warm,+1-3055902198,+1-4207909483,www.primedynamics.com,PRI,Private,912.0
Future Systems_082,ACC082,Branch,Partner,Technology,8145203.0,Hot,+1-9855615406,+1-4162712399,www.futuresystems.com,FUT,Private,205.0
Global Dynamics_173,ACC173,Main,Competitor,Energy,5478404.0,Warm,+1-1492254392,+1-2446364446,www.globaldynamics.com,GLO,Government,754.0
Tech Inc_060,ACC060,HQ,Other,Construction,9861740.0,Cold,+1-4447926260,+1-7971257886,www.techinc.com,TEC,Subsidiary,233.0
Global International_104,ACC104,HQ,Prospect,Finance,7807618.0,Hot,+1-7061624989,+1-7356041414,www.globalinternational.com,GLO,Government,561.0
Alpha International,ACC019,HQ,Partner,Healthcare,3898726.0,Cold,+1-482-563-2707,+1-947-635-1671,www.alphainternational.com,ALP,Public,208.0
Tech Systems_019,ACC019,Main,Competitor,Education,9769702.0,Hot,+1-2027859463,+1-2083623128,www.techsystems.com,TEC,Government,523.0
Prime Solutions,ACC028,Main,Customer,Healthcare,732365.0,Hot,+1-954-120-1376,+1-565-190-7320,www.primesolutions.com,PRI,Subsidiary,338.0
Smart Systems,ACC006,HQ,Prospect,Manufacturing,997476.0,Hot,+1-156-697-2537,+1-696-344-3196,www.smartsystems.com,SMA,Public,360.0
Future Industries,ACC009,Main,Prospect,Technology,1755789.0,Cold,+1-469-347-4636,+1-123-113-2433,www.futureindustries.com,FUT,Subsidiary,297.0
Alpha Corp_007,ACC007,Branch,Competitor,Energy,730255.0,Warm,+1-6405356290,+1-8059724806,www.alphacorp.com,ALP,Government,963.0
Delta Solutions_055,ACC055,Branch,Partner,Retail,1348916.0,Warm,+1-7601584853,+1-2913523187,www.deltasolutions.com,DEL,Subsidiary,300.0
Beta Group_059,ACC059,HQ,Partner,Transportation,1819878.0,Cold,+1-8843078650,+1-6625431756,www.betagroup.com,BET,Private,514.0
Tech Technologies_081,ACC081,Branch,Competitor,Transportation,8707240.0,Cold,+1-8081503294,+1-2856626286,www.techtechnologies.com,TEC,Public,753.0
Future Industries,ACC009,Main,Prospect,Technology,1755789.0,Cold,+1-469-347-4636,+1-123-113-2433,www.futureindustries.com,FUT,Subsidiary,297.0
Tech Technologies_095,ACC095,Branch,Partner,Energy,3360732.0,Hot,+1-1002899867,+1-3878988220,www.techtechnologies.com,TEC,Other,173.0
Alpha Ltd,ACC031,Branch,Customer,Healthcare,2914932.0,Cold,+1-657-322-1015,+1-328-541-4957,www.alphaltd.com,ALP,Subsidiary,150.0
Elite Dynamics,ACC001,HQ,Prospect,Finance,3717969.0,Warm,+1-771-404-6778,+1-771-972-1960,www.elitedynamics.com,ELI,Private,282.0
Tech Corp,ACC015,HQ,Partner,Finance,1883862.0,Cold,+1-385-681-9207,+1-584-880-3804,www.techcorp.com,TEC,Public,491.0
Future Ltd_137,ACC137,HQ,Partner,Finance,7174896.0,Warm,+1-1815154643,+1-8101982972,www.futureltd.com,FUT,Government,287.0
Smart Solutions,ACC030,Main,Customer,Finance,2663481.0,Cold,+1-559-695-6645,+1-831-930-6847,www.smartsolutions.com,SMA,Public,176.0
TestAccount2,10000002,Site_C,Customer,Technology,1500000.0,Warm,+1-800-555-1002,+1-800-555-2002,https://testaccount2.com,SYM2,Private,60.0
Delta Systems_082,ACC082,Main,Other,Healthcare,2511455.0,Cold,+1-8478779725,+1-3594301505,www.deltasystems.com,DEL,Private,480.0
Omega Group,ACC039,Branch,Partner,Finance,3350530.0,Warm,+1-675-521-9566,+1-352-575-6949,www.omegagroup.com,OME,Public,142.0
Omega Inc,ACC043,Branch,Customer,Manufacturing,2971393.0,Cold,+1-593-916-2744,+1-146-612-8798,www.omegainc.com,OME,Private,151.0
Elite Group_011,ACC011,Regional,Partner,Technology,9932934.0,Hot,+1-7876777291,+1-2343297166,www.elitegroup.com,ELI,Private,844.0
Global Systems_014,ACC014,HQ,Competitor,Technology,7373106.0,Cold,+1-1284835919,+1-9799699425,www.globalsystems.com,GLO,Private,304.0
Elite Ltd_091,ACC091,Branch,Other,Construction,6251901.0,Hot,+1-1883447734,+1-7127225203,www.eliteltd.com,ELI,Private,549.0
Smart Group_093,ACC093,Satellite,Customer,Construction,902145.0,Warm,+1-2347824960,+1-1765857577,www.smartgroup.com,SMA,Government,85.0
Omega Ltd_077,ACC077,Satellite,Customer,Construction,2280945.0,Warm,+1-7961982032,+1-5683567837,www.omegaltd.com,OME,Public,324.0
Future Inc_083,ACC083,HQ,Customer,Technology,5022155.0,Hot,+1-2295834809,+1-6552039567,www.futureinc.com,FUT,Other,362.0
Future Ltd_129,ACC129,HQ,Other,Technology,2590102.0,Cold,+1-6697905923,+1-7018508578,www.futureltd.com,FUT,Subsidiary,139.0
Global Technologies_185,ACC185,Main,Prospect,Construction,9391756.0,Cold,+1-6001391773,+1-2107873856,www.globaltechnologies.com,GLO,Other,297.0
Tech Group_127,ACC127,Satellite,Competitor,Transportation,5229189.0,Warm,+1-7788935579,+1-8147848304,www.techgroup.com,TEC,Other,899.0
Elite Inc_011,ACC011,Satellite,Other,Energy,6030479.0,Warm,+1-9375935985,+1-6353951335,www.eliteinc.com,ELI,Subsidiary,251.0
Global Technologies_018,ACC018,Satellite,Prospect,Media,5541957.0,Hot,+1-9337431680,+1-1769924262,www.globaltechnologies.com,GLO,Other,983.0
Acme Corp,ACC001,Main,Customer,Technology,1000000.0,Hot,+1-1234567890,+1-1234567891,www.acme.com,ACM,Public,100.0
Beta International_113,ACC113,Regional,Customer,Media,1992402.0,Warm,+1-7499278475,+1-1053707811,www.betainternational.com,BET,Subsidiary,972.0
Tech Dynamics_189,ACC189,Branch,Prospect,Transportation,4241370.0,Cold,+1-6947744031,+1-3408763952,www.techdynamics.com,TEC,Private,256.0
Smart Corp_150,ACC150,Branch,Competitor,Transportation,6986540.0,Warm,+1-7441838030,+1-7911115424,www.smartcorp.com,SMA,Private,349.0
Alpha Ltd_181,ACC181,Satellite,Customer,Finance,6248424.0,Cold,+1-4427268389,+1-1361912793,www.alphaltd.com,ALP,Other,267.0
Prime Technologies,ACC012,Branch,Customer,Manufacturing,3147773.0,Cold,+1-758-677-6543,+1-625-157-8355,www.primetechnologies.com,PRI,Subsidiary,319.0
Elite Ltd,ACC029,Branch,Partner,Technology,3104650.0,Warm,+1-755-931-4579,+1-873-459-3299,www.eliteltd.com,ELI,Subsidiary,261.0
Delta Inc_012,ACC012,HQ,Prospect,Retail,5522798.0,Warm,+1-2781028051,+1-3496631932,www.deltainc.com,DEL,Public,571.0
Elite Systems_149,ACC149,Main,Partner,Energy,558561.0,Warm,+1-6575875534,+1-2466413401,www.elitesystems.com,ELI,Subsidiary,381.0
Beta Dynamics_194,ACC194,Branch,Customer,Retail,6044587.0,Cold,+1-9325735720,+1-2257551772,www.betadynamics.com,BET,Private,224.0
Tech Corp_159,ACC159,Main,Other,Energy,3749316.0,Hot,+1-7173474351,+1-2615928976,www.techcorp.com,TEC,Government,680.0
Global Ltd_138,ACC138,Satellite,Competitor,Energy,6799938.0,Cold,+1-7388984757,+1-3751307704,www.globalltd.com,GLO,Other,756.0
Beta Industries,ACC036,Main,Partner,Manufacturing,817177.0,Warm,+1-249-761-8446,+1-724-179-5587,www.betaindustries.com,BET,Subsidiary,439.0
Beta Ltd,ACC030,HQ,Partner,Healthcare,603448.0,Warm,+1-493-333-6496,+1-552-721-8487,www.betaltd.com,BET,Subsidiary,219.0
Omega Industries,ACC047,HQ,Prospect,Finance,1314868.0,Warm,+1-123-852-4825,+1-156-315-7846,www.omegaindustries.com,OME,Subsidiary,58.0
Alpha Technologies,ACC014,HQ,Customer,Manufacturing,3563844.0,Warm,+1-998-369-1144,+1-500-559-1584,www.alphatechnologies.com,ALP,Subsidiary,113.0
Smart Technologies,ACC013,HQ,Prospect,Healthcare,3249426.0,Cold,+1-451-959-8288,+1-769-948-1983,www.smarttechnologies.com,SMA,Public,68.0
Beta Group_009,ACC009,Regional,Partner,Transportation,5389952.0,Warm,+1-8656306409,+1-2231062403,www.betagroup.com,BET,Public,418.0
Delta Dynamics_050,ACC050,Branch,Other,Transportation,2492404.0,Cold,+1-2641598985,+1-5642663923,www.deltadynamics.com,DEL,Government,680.0
Elite Systems_196,ACC196,HQ,Other,Energy,9963233.0,Hot,+1-3189024533,+1-8138324630,www.elitesystems.com,ELI,Subsidiary,513.0
Prime Systems_114,ACC114,HQ,Prospect,Energy,568543.0,Cold,+1-3421343005,+1-1393577035,www.primesystems.com,PRI,Government,344.0
Alpha Dynamics,ACC003,Main,Customer,Manufacturing,3347950.0,Hot,+1-198-658-8140,+1-180-233-4797,www.alphadynamics.com,ALP,Public,109.0
Global Dynamics,ACC039,Main,Prospect,Retail,3009347.0,Hot,+1-207-349-5950,+1-854-871-2682,www.globaldynamics.com,GLO,Private,431.0
Tech Technologies,ACC031,Branch,Prospect,Healthcare,1104540.0,Cold,+1-746-308-8642,+1-296-766-5974,www.techtechnologies.com,TEC,Private,495.0
Prime International_054,ACC054,Regional,Competitor,Retail,9632798.0,Cold,+1-2426638206,+1-5641958951,www.primeinternational.com,PRI,Public,603.0
Global International_157,ACC157,Regional,Partner,Media,4382847.0,Warm,+1-8411999197,+1-8818804023,www.globalinternational.com,GLO,Subsidiary,946.0
Future Inc,ACC045,HQ,Partner,Finance,1343923.0,Hot,+1-943-959-7192,+1-541-977-7799,www.futureinc.com,FUT,Public,463.0
TestAccount4,10000004,Site_E,Customer,Technology,2500000.0,Warm,+1-800-555-1004,+1-800-555-2004,https://testaccount4.com,SYM4,Private,70.0
Beta Solutions_180,ACC180,Branch,Partner,Education,4440794.0,Hot,+1-9116999591,+1-4624969807,www.betasolutions.com,BET,Subsidiary,279.0
Prime Inc,ACC018,HQ,Customer,Manufacturing,2050321.0,Warm,+1-906-324-3196,+1-819-456-5755,www.primeinc.com,PRI,Public,182.0
Elite Corp,ACC014,Branch,Partner,Manufacturing,2018393.0,Hot,+1-161-182-4007,+1-885-233-7691,www.elitecorp.com,ELI,Subsidiary,270.0
Omega Dynamics_028,ACC028,Main,Prospect,Transportation,4193032.0,Warm,+1-2486257600,+1-4534067781,www.omegadynamics.com,OME,Other,571.0
Smart Corp_021,ACC021,Regional,Partner,Manufacturing,7307858.0,Warm,+1-3845389524,+1-4262442040,www.smartcorp.com,SMA,Subsidiary,159.0
Prime Inc_177,ACC177,Main,Other,Education,6217516.0,Cold,+1-7149592892,+1-9516164065,www.primeinc.com,PRI,Subsidiary,174.0
Tech Solutions_120,ACC120,Branch,Prospect,Construction,4369380.0,Cold,+1-8847849432,+1-9516085273,www.techsolutions.com,TEC,Other,702.0
Omega Systems_125,ACC125,Satellite,Partner,Manufacturing,3086477.0,Hot,+1-3976798571,+1-7156857820,www.omegasystems.com,OME,Government,899.0
Omega Solutions_155,ACC155,Satellite,Customer,Media,6716145.0,Hot,+1-4347592374,+1-1169075135,www.omegasolutions.com,OME,Subsidiary,286.0
Delta Inc,ACC046,HQ,Customer,Manufacturing,4550189.0,Cold,+1-950-986-6097,+1-210-712-1327,www.deltainc.com,DEL,Public,174.0
Smart Dynamics,ACC024,Main,Prospect,Manufacturing,773212.0,Warm,+1-618-809-8467,+1-368-516-4881,www.smartdynamics.com,SMA,Subsidiary,357.0
TestAccount1,10000001,Site_B,Customer,Technology,1000000.0,Hot,+1-800-555-1001,+1-800-555-2001,https://testaccount1.com,SYM1,Public,55.0
Omega Industries_004,ACC004,Branch,Prospect,Manufacturing,7406323.0,Warm,+1-8473509361,+1-1737481991,www.omegaindustries.com,OME,Public,535.0
Future Ltd_169,ACC169,HQ,Other,Technology,9715974.0,Cold,+1-5129092657,+1-3181045952,www.futureltd.com,FUT,Other,571.0
Future International,ACC020,Branch,Partner,Healthcare,1592553.0,Warm,+1-186-336-2622,+1-537-783-8515,www.futureinternational.com,FUT,Subsidiary,403.0
Global Group_087,ACC087,Main,Prospect,Healthcare,1144362.0,Cold,+1-6462343440,+1-1213345238,www.globalgroup.com,GLO,Subsidiary,969.0
Delta Systems_122,ACC122,Main,Competitor,Manufacturing,5210686.0,Cold,+1-1061067190,+1-8542431618,www.deltasystems.com,DEL,Private,159.0
Beta Group_123,ACC123,Regional,Customer,Education,938263.0,Warm,+1-9422316794,+1-9491174229,www.betagroup.com,BET,Government,147.0
Beta Technologies_019,ACC019,Branch,Prospect,Construction,3749678.0,Hot,+1-4108544665,+1-3991084441,www.betatechnologies.com,BET,Private,666.0
Elite International_094,ACC094,Satellite,Prospect,Technology,5302477.0,Hot,+1-1902206526,+1-4716066805,www.eliteinternational.com,ELI,Public,409.0
Elite Ltd_023,ACC023,Satellite,Partner,Manufacturing,1744578.0,Cold,+1-6651035588,+1-4894714921,www.eliteltd.com,ELI,Private,396.0
Delta Industries_078,ACC078,Branch,Other,Construction,6584498.0,Warm,+1-5605236706,+1-4207437138,www.deltaindustries.com,DEL,Government,851.0
Global Solutions_110,ACC110,Satellite,Customer,Construction,1562209.0,Cold,+1-2399223122,+1-9564295321,www.globalsolutions.com,GLO,Public,260.0
Smart Group,ACC047,HQ,Partner,Manufacturing,4035021.0,Hot,+1-639-778-1420,+1-594-607-8753,www.smartgroup.com,SMA,Public,441.0
Global International_193,ACC193,HQ,Other,Transportation,8266762.0,Cold,+1-1033757948,+1-2999827546,www.globalinternational.com,GLO,Subsidiary,725.0
Global Systems_070,ACC070,HQ,Customer,Technology,1037060.0,Cold,+1-3215067096,+1-2138345341,www.globalsystems.com,GLO,Public,892.0
Beta Solutions_021,ACC021,Main,Other,Finance,7705517.0,Cold,+1-6809002629,+1-1829302923,www.betasolutions.com,BET,Public,259.0
Prime Solutions_025,ACC025,Main,Other,Construction,9014445.0,Cold,+1-4148797054,+1-8263055305,www.primesolutions.com,PRI,Government,752.0
Future Technologies_163,ACC163,Branch,Competitor,Technology,3749473.0,Hot,+1-6458688048,+1-2202759678,www.futuretechnologies.com,FUT,Government,211.0
Alpha International,ACC003,HQ,Prospect,Technology,624457.0,Hot,+1-364-870-2548,+1-974-219-4760,www.alphainternational.com,ALP,Public,343.0
Smart Ltd,ACC025,Main,Customer,Finance,1990515.0,Hot,+1-744-526-7839,+1-950-445-9931,www.smartltd.com,SMA,Public,169.0
Future Technologies,ACC010,HQ,Partner,Technology,3242107.0,Cold,+1-516-691-3581,+1-193-540-6779,www.futuretechnologies.com,FUT,Public,301.0
Beta Group_092,ACC092,HQ,Competitor,Healthcare,3643969.0,Cold,+1-3593502179,+1-5339342062,www.betagroup.com,BET,Government,662.0
Alpha Ltd_039,ACC039,HQ,Customer,Education,6145786.0,Cold,+1-2645731290,+1-1831594042,www.alphaltd.com,ALP,Other,590.0
Elite Solutions,ACC028,Branch,Partner,Finance,4717203.0,Hot,+1-690-430-8207,+1-526-591-8908,www.elitesolutions.com,ELI,Public,170.0
Future Group,ACC046,HQ,Customer,Retail,2880366.0,Warm,+1-295-894-7728,+1-386-126-8920,www.futuregroup.com,FUT,Private,486.0
Omega Industries_123,ACC123,Satellite,Other,Finance,7035762.0,Cold,+1-4533653279,+1-3724358864,www.omegaindustries.com,OME,Other,816.0
Tech Technologies_059,ACC059,HQ,Other,Transportation,2714654.0,Warm,+1-5907015736,+1-3443731369,www.techtechnologies.com,TEC,Subsidiary,82.0
Omega Dynamics_061,ACC061,Branch,Competitor,Manufacturing,3316187.0,Hot,+1-8684877908,+1-9715226684,www.omegadynamics.com,OME,Subsidiary,717.0
Elite International_148,ACC148,HQ,Other,Technology,2286445.0,Warm,+1-3653118838,+1-8777959151,www.eliteinternational.com,ELI,Subsidiary,879.0
Tech Solutions_036,ACC036,HQ,Other,Education,3243208.0,Warm,+1-2724402941,+1-3694795506,www.techsolutions.com,TEC,Subsidiary,432.0
Tech Systems_088,ACC088,Regional,Competitor,Transportation,9343086.0,Hot,+1-2814654461,+1-5819241022,www.techsystems.com,TEC,Subsidiary,157.0
Smart Ltd,ACC008,Branch,Partner,Retail,4572210.0,Cold,+1-402-989-3018,+1-959-341-9045,www.smartltd.com,SMA,Public,276.0
Prime International,ACC033,HQ,Partner,Healthcare,2286029.0,Hot,+1-370-710-9993,+1-869-555-3298,www.primeinternational.com,PRI,Private,197.0
Omega International,ACC048,Branch,Customer,Finance,4481500.0,Warm,+1-837-980-9112,+1-286-246-8500,www.omegainternational.com,OME,Public,80.0
Future Ltd_109,ACC109,Main,Customer,Technology,7995146.0,Cold,+1-2155184913,+1-1206637699,www.futureltd.com,FUT,Other,594.0
Global Technologies_115,ACC115,Branch,Customer,Finance,8366711.0,Hot,+1-4556035652,+1-1075678806,www.globaltechnologies.com,GLO,Other,449.0
Global Dynamics,ACC023,Main,Customer,Healthcare,4697253.0,Hot,+1-197-445-1502,+1-221-721-7641,www.globaldynamics.com,GLO,Public,421.0
Smart Ltd,ACC042,HQ,Prospect,Manufacturing,2804717.0,Cold,+1-229-853-6946,+1-607-712-8905,www.smartltd.com,SMA,Private,450.0
Smart International,ACC029,HQ,Prospect,Healthcare,1729986.0,Cold,+1-579-128-6880,+1-506-476-5142,www.smartinternational.com,SMA,Subsidiary,367.0
Prime Industries_065,ACC065,HQ,Partner,Retail,6869676.0,Cold,+1-6963857386,+1-3655172214,www.primeindustries.com,PRI,Government,216.0
Beta Industries_008,ACC008,Branch,Customer,Education,3397163.0,Warm,+1-6727867139,+1-9302125052,www.betaindustries.com,BET,Government,718.0
Global Industries_026,ACC026,Branch,Customer,Transportation,5247812.0,Warm,+1-9952495897,+1-6767971371,www.globalindustries.com,GLO,Public,148.0
Elite Inc_106,ACC106,Main,Competitor,Energy,8888984.0,Warm,+1-7199326898,+1-1275017161,www.eliteinc.com,ELI,Government,716.0
Delta Industries_130,ACC130,Main,Competitor,Transportation,7911970.0,Warm,+1-3745898148,+1-8555536221,www.deltaindustries.com,DEL,Other,698.0
Prime Group_197,ACC197,Main,Partner,Retail,3378404.0,Warm,+1-8751468677,+1-2126279032,www.primegroup.com,PRI,Government,127.0
Future Systems_067,ACC067,Branch,Competitor,Construction,4068327.0,Hot,+1-6122437679,+1-5008023149,www.futuresystems.com,FUT,Private,115.0
Future Industries_143,ACC143,Regional,Prospect,Technology,7893389.0,Warm,+1-9166626457,+1-7008091281,www.futureindustries.com,FUT,Public,95.0
Omega Dynamics,ACC038,Branch,Customer,Technology,4625615.0,Cold,+1-795-377-3792,+1-776-848-3661,www.omegadynamics.com,OME,Subsidiary,297.0
Omega Group_131,ACC131,Regional,Prospect,Transportation,6639465.0,Cold,+1-5526717165,+1-5035352096,www.omegagroup.com,OME,Government,223.0
Smart Corp_077,ACC077,Main,Customer,Technology,3653871.0,Cold,+1-8904256031,+1-9881237682,www.smartcorp.com,SMA,Government,592.0
Future Systems,ACC050,Branch,Partner,Technology,3490355.0,Warm,+1-324-462-2445,+1-346-619-4887,www.futuresystems.com,FUT,Private,364.0
Prime Ltd_175,ACC175,HQ,Partner,Energy,1330755.0,Warm,+1-8516651789,+1-9918655149,www.primeltd.com,PRI,Public,640.0
Beta Solutions,ACC021,Main,Customer,Retail,1041542.0,Cold,+1-977-640-6350,+1-381-246-9073,www.betasolutions.com,BET,Private,59.0
Elite Group,ACC027,Branch,Partner,Finance,3468708.0,Hot,+1-663-210-9283,+1-162-811-6265,www.elitegroup.com,ELI,Private,322.0
Smart Solutions_029,ACC029,HQ,Partner,Media,1966364.0,Cold,+1-8177742229,+1-9777846301,www.smartsolutions.com,SMA,Subsidiary,69.0
Alpha Corp_051,ACC051,Satellite,Partner,Finance,7501911.0,Hot,+1-7365863800,+1-4155894148,www.alphacorp.com,ALP,Private,648.0
Beta Ltd,ACC030,HQ,Partner,Healthcare,603448.0,Warm,+1-493-333-6496,+1-552-721-8487,www.betaltd.com,BET,Subsidiary,219.0
Future Group_045,ACC045,Main,Customer,Retail,7411285.0,Cold,+1-7544634079,+1-9385325653,www.futuregroup.com,FUT,Public,968.0
Beta Dynamics_047,ACC047,HQ,Other,Media,8636706.0,Cold,+1-7693337845,+1-7965373047,www.betadynamics.com,BET,Government,630.0
Alpha Dynamics_099,ACC099,Regional,Competitor,Education,6049434.0,Cold,+1-6781175025,+1-7353935920,www.alphadynamics.com,ALP,Private,450.0
Tech Dynamics_111,ACC111,Satellite,Competitor,Finance,2223490.0,Hot,+1-4838793836,+1-8436695669,www.techdynamics.com,TEC,Other,481.0
Beta Group_080,ACC080,Main,Customer,Healthcare,9383662.0,Cold,+1-5964497317,+1-8673661622,www.betagroup.com,BET,Other,482.0
Beta Group_045,ACC045,Regional,Partner,Healthcare,4816391.0,Warm,+1-9749929859,+1-2039918323,www.betagroup.com,BET,Public,598.0
Delta Group_086,ACC086,Branch,Other,Media,1622955.0,Hot,+1-4269746772,+1-7653484298,www.deltagroup.com,DEL,Public,621.0
Future Technologies_088,ACC088,HQ,Customer,Education,2366509.0,Warm,+1-8826612665,+1-1691678676,www.futuretechnologies.com,FUT,Subsidiary,807.0
Global Ltd_098,ACC098,Satellite,Customer,Education,5650490.0,Warm,+1-5468129543,+1-9875988203,www.globalltd.com,GLO,Government,369.0
Smart Corp,ACC002,HQ,Prospect,Manufacturing,3751122.0,Cold,+1-223-857-8413,+1-689-572-6821,www.smartcorp.com,SMA,Subsidiary,420.0
Alpha International_042,ACC042,Main,Other,Healthcare,3670510.0,Hot,+1-7164131870,+1-4707955739,www.alphainternational.com,ALP,Subsidiary,330.0
Delta Group_157,ACC157,Branch,Customer,Finance,7359179.0,Warm,+1-2214427104,+1-9895592173,www.deltagroup.com,DEL,Government,781.0
Tech Dynamics_056,ACC056,Regional,Prospect,Media,1957077.0,Warm,+1-6252612014,+1-8389119817,www.techdynamics.com,TEC,Private,777.0
Beta Ltd,ACC041,HQ,Partner,Finance,4842718.0,Hot,+1-312-515-7174,+1-486-656-6010,www.betaltd.com,BET,Private,290.0
Smart Industries_122,ACC122,HQ,Customer,Healthcare,2700985.0,Cold,+1-2796043903,+1-9647902448,www.smartindustries.com,SMA,Other,936.0
Future Group_132,ACC132,Branch,Other,Construction,9473246.0,Warm,+1-1692924619,+1-1409769824,www.futuregroup.com,FUT,Government,84.0
Omega Corp_111,ACC111,Regional,Partner,Healthcare,4260262.0,Warm,+1-9686682032,+1-3838275963,www.omegacorp.com,OME,Government,273.0
Smart International_120,ACC120,Main,Prospect,Retail,4979468.0,Warm,+1-3482172845,+1-2163914691,www.smartinternational.com,SMA,Government,999.0
Future International,ACC021,Main,Prospect,Healthcare,3675468.0,Hot,+1-958-939-8750,+1-904-863-9801,www.futureinternational.com,FUT,Private,51.0
Future Dynamics_154,ACC154,Regional,Partner,Finance,5955210.0,Warm,+1-4694636891,+1-3496642337,www.futuredynamics.com,FUT,Private,373.0
Alpha Dynamics_033,ACC033,Regional,Competitor,Manufacturing,7100388.0,Warm,+1-5412234650,+1-8482706509,www.alphadynamics.com,ALP,Public,445.0
Global Systems,ACC017,Main,Partner,Finance,2147481.0,Warm,+1-630-491-1866,+1-895-440-8572,www.globalsystems.com,GLO,Public,462.0
Omega Group,ACC013,HQ,Partner,Manufacturing,4435761.0,Hot,+1-815-260-8872,+1-971-335-9940,www.omegagroup.com,OME,Public,63.0
Prime International,ACC049,Branch,Prospect,Manufacturing,4145514.0,Cold,+1-564-549-5116,+1-216-599-6227,www.primeinternational.com,PRI,Subsidiary,496.0
Tech Solutions,ACC045,Main,Prospect,Healthcare,1967022.0,Warm,+1-987-990-6346,+1-723-841-4987,www.techsolutions.com,TEC,Public,345.0
Smart Group,ACC047,HQ,Partner,Manufacturing,4035021.0,Hot,+1-639-778-1420,+1-594-607-8753,www.smartgroup.com,SMA,Public,441.0
Global Industries_037,ACC037,Branch,Prospect,Education,3566022.0,Cold,+1-9344595751,+1-6959486327,www.globalindustries.com,GLO,Other,571.0
Tech Corp_068,ACC068,HQ,Customer,Education,3768587.0,Cold,+1-5725442823,+1-8445128883,www.techcorp.com,TEC,Subsidiary,303.0
Omega Industries_072,ACC072,Regional,Other,Healthcare,8090868.0,Warm,+1-7579961957,+1-3929587125,www.omegaindustries.com,OME,Government,840.0
Smart Ltd,ACC034,HQ,Customer,Finance,1289407.0,Hot,+1-719-942-4825,+1-602-963-7758,www.smartltd.com,SMA,Public,426.0
Tech Solutions_073,ACC073,HQ,Partner,Finance,9707276.0,Hot,+1-5368943241,+1-5067568161,www.techsolutions.com,TEC,Other,398.0
Elite Corp_057,ACC057,Main,Prospect,Construction,1843156.0,Hot,+1-7817721610,+1-6137574753,www.elitecorp.com,ELI,Government,99.0
Smart Inc_179,ACC179,Satellite,Partner,Finance,9110247.0,Warm,+1-1655315854,+1-5032675606,www.smartinc.com,SMA,Subsidiary,555.0
Smart Systems_064,ACC064,Branch,Partner,Finance,1683503.0,Cold,+1-6409529387,+1-7309133046,www.smartsystems.com,SMA,Private,501.0
Omega Industries_060,ACC060,Branch,Partner,Energy,2901495.0,Warm,+1-5653324768,+1-6985425174,www.omegaindustries.com,OME,Public,905.0
Omega Inc_155,ACC155,Branch,Prospect,Transportation,8313999.0,Cold,+1-5946171269,+1-7843874130,www.omegainc.com,OME,Public,202.0
Tech Corp_151,ACC151,Main,Customer,Energy,9547450.0,Cold,+1-1628348348,+1-3523083532,www.techcorp.com,TEC,Subsidiary,516.0
Omega Industries,ACC010,Branch,Customer,Retail,3915814.0,Warm,+1-606-882-8023,+1-250-225-9655,www.omegaindustries.com,OME,Private,478.0
Delta Group,ACC023,HQ,Partner,Retail,2943897.0,Cold,+1-772-741-6120,+1-117-275-4184,www.deltagroup.com,DEL,Subsidiary,60.0
Elite International_139,ACC139,Main,Other,Energy,1129370.0,Warm,+1-2514027877,+1-2818839813,www.eliteinternational.com,ELI,Public,711.0
Beta Industries_053,ACC053,Satellite,Competitor,Manufacturing,3892606.0,Warm,+1-7238813894,+1-3027234746,www.betaindustries.com,BET,Government,530.0
Omega Inc_049,ACC049,Satellite,Partner,Energy,1308971.0,Warm,+1-6153452707,+1-9843547575,www.omegainc.com,OME,Government,640.0
Global International,ACC023,Main,Prospect,Healthcare,1515607.0,Cold,+1-553-776-8824,+1-583-746-7713,www.globalinternational.com,GLO,Private,74.0
Future Technologies_046,ACC046,Main,Customer,Retail,2970630.0,Cold,+1-3131467383,+1-8643277383,www.futuretechnologies.com,FUT,Other,194.0
Elite Ltd,ACC029,Branch,Partner,Technology,3104650.0,Warm,+1-755-931-4579,+1-873-459-3299,www.eliteltd.com,ELI,Subsidiary,261.0
Future International,ACC047,Main,Partner,Manufacturing,2112035.0,Hot,+1-472-844-2936,+1-966-723-7679,www.futureinternational.com,FUT,Private,432.0
Elite Dynamics_069,ACC069,HQ,Other,Healthcare,8622210.0,Cold,+1-4889773936,+1-4314278432,www.elitedynamics.com,ELI,Other,679.0
Alpha Technologies_073,ACC073,Regional,Partner,Transportation,1594118.0,Cold,+1-6031838900,+1-2678665490,www.alphatechnologies.com,ALP,Private,355.0
Elite Ltd_044,ACC044,Regional,Prospect,Technology,8439339.0,Warm,+1-8092495098,+1-2801537891,www.eliteltd.com,ELI,Subsidiary,785.0
Tech Group,ACC009,HQ,Prospect,Manufacturing,2531190.0,Cold,+1-120-589-8379,+1-634-439-6144,www.techgroup.com,TEC,Subsidiary,108.0
Tech Inc_037,ACC037,Regional,Partner,Technology,1375620.0,Warm,+1-1452658910,+1-4407294439,www.techinc.com,TEC,Other,614.0
Future Group_071,ACC071,Satellite,Prospect,Healthcare,4656947.0,Cold,+1-1872798104,+1-1372507343,www.futuregroup.com,FUT,Public,166.0
Tech Inc_164,ACC164,Regional,Partner,Media,1568967.0,Warm,+1-9827102497,+1-5834186292,www.techinc.com,TEC,Private,766.0
Future Solutions_013,ACC013,Branch,Competitor,Energy,9303372.0,Hot,+1-3402612684,+1-3133886795,www.futuresolutions.com,FUT,Public,712.0
Beta Corp,ACC035,HQ,Prospect,Retail,838688.0,Warm,+1-124-187-3287,+1-146-576-2486,www.betacorp.com,BET,Public,200.0
Elite Solutions,ACC028,Branch,Partner,Finance,4717203.0,Hot,+1-690-430-8207,+1-526-591-8908,www.elitesolutions.com,ELI,Public,170.0
Delta Inc_151,ACC151,Satellite,Partner,Energy,8575363.0,Warm,+1-6189027467,+1-3728464074,www.deltainc.com,DEL,Private,533.0
Future Technologies,ACC010,HQ,Partner,Technology,3242107.0,Cold,+1-516-691-3581,+1-193-540-6779,www.futuretechnologies.com,FUT,Public,301.0
Tech Corp,ACC011,HQ,Customer,Finance,1116205.0,Cold,+1-992-355-9745,+1-679-820-1329,www.techcorp.com,TEC,Private,335.0
Prime Inc,ACC018,HQ,Customer,Manufacturing,2050321.0,Warm,+1-906-324-3196,+1-819-456-5755,www.primeinc.com,PRI,Public,182.0
Omega Industries_027,ACC027,Satellite,Customer,Media,1170368.0,Cold,+1-6383999965,+1-7077749883,www.omegaindustries.com,OME,Government,499.0
Delta Ltd_185,ACC185,Satellite,Customer,Finance,6557250.0,Cold,+1-2619893881,+1-4018707763,www.deltaltd.com,DEL,Subsidiary,405.0
Global Industries,ACC040,Branch,Customer,Technology,1278279.0,Warm,+1-969-667-6634,+1-896-965-5011,www.globalindustries.com,GLO,Public,155.0
Smart Systems,ACC032,HQ,Partner,Finance,4185061.0,Hot,+1-132-795-1392,+1-976-934-4342,www.smartsystems.com,SMA,Subsidiary,138.0
Beta Dynamics_140,ACC140,Satellite,Customer,Finance,3615990.0,Hot,+1-1025636515,+1-2999606074,www.betadynamics.com,BET,Private,957.0
Smart Ltd,ACC037,HQ,Customer,Finance,1476009.0,Warm,+1-533-675-2305,+1-959-731-9488,www.smartltd.com,SMA,Public,188.0
Delta Inc_029,ACC029,HQ,Customer,Education,1940994.0,Cold,+1-1332687614,+1-3896698673,www.deltainc.com,DEL,Subsidiary,231.0
Future International_158,ACC158,Branch,Partner,Finance,2119773.0,Hot,+1-1299643899,+1-1488705688,www.futureinternational.com,FUT,Subsidiary,431.0
Smart Ltd_119,ACC119,Satellite,Other,Media,5374335.0,Hot,+1-7586232125,+1-3449566552,www.smartltd.com,SMA,Subsidiary,989.0
Delta Industries_197,ACC197,Main,Other,Transportation,4900759.0,Cold,+1-8821562163,+1-4757919588,www.deltaindustries.com,DEL,Other,798.0
Omega Dynamics,ACC038,Branch,Customer,Technology,4625615.0,Cold,+1-795-377-3792,+1-776-848-3661,www.omegadynamics.com,OME,Subsidiary,297.0
Global Group,ACC043,Branch,Prospect,Technology,2914860.0,Hot,+1-927-309-4175,+1-375-638-5665,www.globalgroup.com,GLO,Subsidiary,134.0
Global International,ACC020,Branch,Prospect,Retail,3646476.0,Cold,+1-444-260-3120,+1-451-553-3896,www.globalinternational.com,GLO,Private,185.0
Alpha Industries,ACC030,Main,Partner,Finance,3165778.0,Cold,+1-489-300-4451,+1-895-151-4530,www.alphaindustries.com,ALP,Public,145.0
Elite International,ACC005,HQ,Customer,Retail,1225427.0,Warm,+1-428-630-4623,+1-295-132-8815,www.eliteinternational.com,ELI,Private,381.0
Tech International_076,ACC076,Regional,Competitor,Technology,2263465.0,Warm,+1-6286295127,+1-6716642891,www.techinternational.com,TEC,Private,344.0
Global Ltd_134,ACC134,Main,Prospect,Energy,9064629.0,Warm,+1-4919826336,+1-8204592070,www.globalltd.com,GLO,Public,285.0
Prime Systems,ACC006,Branch,Partner,Retail,4394798.0,Hot,+1-494-710-9260,+1-695-219-9437,www.primesystems.com,PRI,Subsidiary,132.0
Alpha Industries_076,ACC076,Main,Partner,Manufacturing,4294444.0,Warm,+1-4921757950,+1-9337212667,www.alphaindustries.com,ALP,Private,896.0
Elite Dynamics,ACC001,HQ,Prospect,Finance,3717969.0,Warm,+1-771-404-6778,+1-771-972-1960,www.elitedynamics.com,ELI,Private,282.0
Future International_100,ACC100,Regional,Customer,Healthcare,1477220.0,Hot,+1-7027246526,+1-3462371268,www.futureinternational.com,FUT,Government,458.0
Tech Industries,ACC038,HQ,Partner,Manufacturing,867177.0,Cold,+1-604-769-3841,+1-816-582-3319,www.techindustries.com,TEC,Subsidiary,101.0
Future Inc_137,ACC137,Branch,Customer,Education,730616.0,Cold,+1-2227045471,+1-5497337687,www.futureinc.com,FUT,Government,166.0
Omega Industries,ACC001,Main,Partner,Healthcare,3733552.0,Warm,+1-405-133-2767,+1-493-733-1796,www.omegaindustries.com,OME,Private,474.0
Omega Industries,ACC010,Branch,Customer,Retail,3915814.0,Warm,+1-606-882-8023,+1-250-225-9655,www.omegaindustries.com,OME,Private,478.0
Delta Ltd_142,ACC142,HQ,Prospect,Technology,7926578.0,Hot,+1-6782871682,+1-1123879781,www.deltaltd.com,DEL,Other,911.0
Future Inc,ACC011,HQ,Prospect,Technology,1547887.0,Warm,+1-113-610-6490,+1-142-434-5104,www.futureinc.com,FUT,Private,424.0
Alpha Industries,ACC030,Main,Partner,Finance,3165778.0,Cold,+1-489-300-4451,+1-895-151-4530,www.alphaindustries.com,ALP,Public,145.0
Global Group,ACC043,Branch,Prospect,Technology,2914860.0,Hot,+1-927-309-4175,+1-375-638-5665,www.globalgroup.com,GLO,Subsidiary,134.0
Beta Solutions,ACC017,HQ,Prospect,Manufacturing,4853844.0,Hot,+1-547-346-2404,+1-793-366-9171,www.betasolutions.com,BET,Public,214.0
Prime Corp_090,ACC090,Regional,Customer,Retail,3531505.0,Cold,+1-4965246770,+1-4058231630,www.primecorp.com,PRI,Other,560.0
Omega Industries,ACC001,Main,Partner,Healthcare,3733552.0,Warm,+1-405-133-2767,+1-493-733-1796,www.omegaindustries.com,OME,Private,474.0
Beta Inc_041,ACC041,Branch,Prospect,Technology,2487427.0,Warm,+1-7683594089,+1-4123858246,www.betainc.com,BET,Private,207.0
Alpha Dynamics_180,ACC180,Branch,Customer,Construction,812013.0,Warm,+1-3374386278,+1-6444826016,www.alphadynamics.com,ALP,Government,679.0
Alpha Dynamics_010,ACC010,HQ,Partner,Retail,3677820.0,Warm,+1-4334178414,+1-3834339589,www.alphadynamics.com,ALP,Private,627.0
Beta Group_101,ACC101,Regional,Competitor,Media,4374437.0,Hot,+1-9275261550,+1-2089099886,www.betagroup.com,BET,Public,174.0
Smart Inc,ACC029,Branch,Prospect,Finance,621370.0,Hot,+1-256-333-6287,+1-333-180-5304,www.smartinc.com,SMA,Subsidiary,432.0
Tech International,ACC027,Main,Prospect,Healthcare,1723363.0,Cold,+1-701-767-5235,+1-838-600-6493,www.techinternational.com,TEC,Public,256.0
Global Technologies_176,ACC176,Main,Partner,Healthcare,603936.0,Warm,+1-1034885890,+1-5623487621,www.globaltechnologies.com,GLO,Other,483.0
Delta Dynamics_058,ACC058,Main,Partner,Healthcare,7310536.0,Hot,+1-6197513940,+1-3778615458,www.deltadynamics.com,DEL,Public,321.0
Beta International_001,ACC001,Regional,Customer,Technology,6794005.0,Cold,+1-8669721337,+1-8341826615,www.betainternational.com,BET,Private,417.0
Delta Inc,ACC032,Branch,Customer,Retail,4712175.0,Warm,+1-953-180-7392,+1-679-956-6857,www.deltainc.com,DEL,Public,489.0
Tech Ltd,ACC044,Main,Customer,Finance,720273.0,Cold,+1-603-808-8342,+1-160-369-3936,www.techltd.com,TEC,Public,493.0
Global Industries,ACC022,Branch,Prospect,Finance,1640796.0,Warm,+1-855-693-1012,+1-103-347-4534,www.globalindustries.com,GLO,Private,140.0
Beta Dynamics_046,ACC046,Branch,Partner,Healthcare,3545135.0,Hot,+1-7742619186,+1-5415633339,www.betadynamics.com,BET,Government,211.0
Beta Dynamics_127,ACC127,Branch,Prospect,Healthcare,7927202.0,Warm,+1-3533543991,+1-6637201155,www.betadynamics.com,BET,Government,84.0
Future International_002,ACC002,Regional,Customer,Education,5559407.0,Warm,+1-1953868344,+1-1839096351,www.futureinternational.com,FUT,Subsidiary,738.0
Alpha International_098,ACC098,Regional,Customer,Education,7528178.0,Hot,+1-7893593693,+1-2984962085,www.alphainternational.com,ALP,Subsidiary,750.0
Beta Group_154,ACC154,HQ,Prospect,Retail,2489628.0,Hot,+1-5433569823,+1-1379126404,www.betagroup.com,BET,Government,719.0
Smart Inc_181,ACC181,HQ,Competitor,Finance,5033532.0,Hot,+1-5373524504,+1-9798092781,www.smartinc.com,SMA,Private,91.0
Future Group_186,ACC186,Satellite,Customer,Transportation,7728973.0,Warm,+1-1528859149,+1-9081836464,www.futuregroup.com,FUT,Subsidiary,298.0
Omega Solutions_027,ACC027,Regional,Other,Retail,7605177.0,Cold,+1-5407369171,+1-4121075914,www.omegasolutions.com,OME,Public,569.0
Elite Ltd_031,ACC031,HQ,Partner,Manufacturing,7721776.0,Hot,+1-5022155018,+1-5829542451,www.eliteltd.com,ELI,Subsidiary,857.0
Beta Ltd_183,ACC183,Satellite,Partner,Transportation,9726221.0,Warm,+1-3149569591,+1-2121694179,www.betaltd.com,BET,Other,322.0
Future International,ACC008,Main,Customer,Technology,1279365.0,Hot,+1-455-317-9957,+1-102-998-2048,www.futureinternational.com,FUT,Subsidiary,213.0
Prime Solutions_115,ACC115,HQ,Prospect,Construction,6183411.0,Warm,+1-5063597109,+1-2153107999,www.primesolutions.com,PRI,Public,330.0
Delta Corp_128,ACC128,Main,Competitor,Media,7658469.0,Hot,+1-7857623043,+1-7532396331,www.deltacorp.com,DEL,Subsidiary,299.0
Beta Dynamics,ACC005,HQ,Prospect,Retail,3695199.0,Warm,+1-763-432-9758,+1-567-659-7294,www.betadynamics.com,BET,Private,230.0
Smart Ltd,ACC034,HQ,Customer,Finance,1289407.0,Hot,+1-719-942-4825,+1-602-963-7758,www.smartltd.com,SMA,Public,426.0
Tech International_152,ACC152,Regional,Prospect,Energy,7792761.0,Warm,+1-7397144356,+1-3717312664,www.techinternational.com,TEC,Public,233.0
Omega Systems_152,ACC152,Regional,Prospect,Energy,9115905.0,Hot,+1-4282736623,+1-3465143791,www.omegasystems.com,OME,Other,802.0
Beta Inc_163,ACC163,Regional,Partner,Construction,6396053.0,Cold,+1-6749327816,+1-3063741080,www.betainc.com,BET,Other,304.0
Prime Corp_160,ACC160,Branch,Partner,Healthcare,617478.0,Hot,+1-6317703401,+1-3472359391,www.primecorp.com,PRI,Private,816.0
Smart Corp_182,ACC182,Branch,Competitor,Construction,2295101.0,Hot,+1-9302496261,+1-7919408545,www.smartcorp.com,SMA,Subsidiary,275.0
Beta International_090,ACC090,HQ,Prospect,Energy,7797265.0,Hot,+1-6855986158,+1-2044462200,www.betainternational.com,BET,Private,139.0
Elite Industries_096,ACC096,HQ,Partner,Education,1608575.0,Hot,+1-3746744906,+1-2708998888,www.eliteindustries.com,ELI,Private,655.0
Smart Technologies_141,ACC141,Branch,Customer,Education,9146747.0,Warm,+1-7773384821,+1-9565177616,www.smarttechnologies.com,SMA,Subsidiary,518.0
Tech Ltd,ACC007,Main,Prospect,Retail,2841805.0,Cold,+1-185-781-5572,+1-605-348-4970,www.techltd.com,TEC,Private,104.0
Future Dynamics,ACC042,Main,Partner,Retail,3107896.0,Warm,+1-203-701-7625,+1-424-530-3732,www.futuredynamics.com,FUT,Public,221.0
Elite Systems_119,ACC119,Branch,Competitor,Finance,7988631.0,Cold,+1-9839483587,+1-4912927956,www.elitesystems.com,ELI,Subsidiary,447.0
Alpha Solutions_156,ACC156,Satellite,Prospect,Manufacturing,5514505.0,Hot,+1-3813126941,+1-9677858912,www.alphasolutions.com,ALP,Subsidiary,810.0
Delta Inc_086,ACC086,Main,Other,Education,874170.0,Warm,+1-5759653018,+1-9934351646,www.deltainc.com,DEL,Government,553.0
Global Corp_133,ACC133,Branch,Customer,Manufacturing,2258381.0,Cold,+1-6217802046,+1-7324528671,www.globalcorp.com,GLO,Subsidiary,743.0
Delta Industries_140,ACC140,HQ,Other,Manufacturing,7749051.0,Cold,+1-3289682293,+1-2117268382,www.deltaindustries.com,DEL,Public,345.0
Prime Dynamics_146,ACC146,Regional,Competitor,Finance,5319922.0,Warm,+1-2555791609,+1-5775406710,www.primedynamics.com,PRI,Private,378.0
Future Solutions_075,ACC075,Main,Prospect,Education,7992063.0,Cold,+1-4158292855,+1-4103424016,www.futuresolutions.com,FUT,Public,137.0
Elite Corp_161,ACC161,HQ,Competitor,Transportation,5598718.0,Hot,+1-2031134963,+1-7704736951,www.elitecorp.com,ELI,Private,990.0
Global Systems_110,ACC110,Branch,Competitor,Education,2193091.0,Cold,+1-6374503333,+1-5503631332,www.globalsystems.com,GLO,Other,448.0
Prime Industries_065,ACC065,Main,Customer,Finance,4826956.0,Cold,+1-8678123171,+1-4534204260,www.primeindustries.com,PRI,Government,57.0
Prime Systems,ACC006,Branch,Partner,Retail,4394798.0,Hot,+1-494-710-9260,+1-695-219-9437,www.primesystems.com,PRI,Subsidiary,132.0
Beta Ltd_192,ACC192,Satellite,Competitor,Education,6591890.0,Hot,+1-9648773936,+1-8597358803,www.betaltd.com,BET,Public,933.0
Prime Corp,ACC026,Branch,Prospect,Retail,4534334.0,Warm,+1-188-435-5155,+1-829-878-6905,www.primecorp.com,PRI,Subsidiary,70.0
Future Industries_168,ACC168,Satellite,Other,Manufacturing,539298.0,Cold,+1-7153374983,+1-6304051548,www.futureindustries.com,FUT,Government,146.0
Alpha Systems_191,ACC191,Regional,Customer,Education,1883095.0,Cold,+1-7297712380,+1-5706839318,www.alphasystems.com,ALP,Subsidiary,973.0
Tech Dynamics_043,ACC043,HQ,Other,Manufacturing,6981100.0,Cold,+1-3885675795,+1-7583219289,www.techdynamics.com,TEC,Public,561.0
Tech Inc_198,ACC198,Branch,Competitor,Finance,5205508.0,Warm,+1-6785102589,+1-9808151670,www.techinc.com,TEC,Government,934.0
Smart Dynamics,ACC018,HQ,Prospect,Manufacturing,2573703.0,Warm,+1-729-368-2356,+1-390-694-1696,www.smartdynamics.com,SMA,Public,158.0
Beta Ltd,ACC027,Branch,Customer,Finance,1791689.0,Warm,+1-957-176-8540,+1-153-984-9352,www.betaltd.com,BET,Private,160.0
Prime Inc_040,ACC040,Main,Other,Finance,5945248.0,Hot,+1-8929172316,+1-4201561345,www.primeinc.com,PRI,Private,578.0
Alpha Dynamics_200,ACC200,Regional,Customer,Retail,9311670.0,Cold,+1-3771058193,+1-7494237844,www.alphadynamics.com,ALP,Public,778.0
Delta Group_162,ACC162,Branch,Other,Media,849529.0,Warm,+1-2722172136,+1-9116088431,www.deltagroup.com,DEL,Government,73.0
Omega Solutions_179,ACC179,Regional,Partner,Media,907144.0,Cold,+1-2031077556,+1-1749574228,www.omegasolutions.com,OME,Other,72.0
Global Dynamics,ACC039,Main,Prospect,Retail,3009347.0,Hot,+1-207-349-5950,+1-854-871-2682,www.globaldynamics.com,GLO,Private,431.0
Future Corp,ACC004,HQ,Customer,Retail,1184647.0,Hot,+1-650-236-4549,+1-958-193-1848,www.futurecorp.com,FUT,Public,432.0
Prime Systems_066,ACC066,Regional,Prospect,Media,5205326.0,Cold,+1-6146539351,+1-4798184659,www.primesystems.com,PRI,Public,317.0
Alpha Inc_067,ACC067,Main,Prospect,Construction,4283005.0,Cold,+1-2401731409,+1-3082501601,www.alphainc.com,ALP,Government,122.0
Smart Ltd_089,ACC089,HQ,Competitor,Construction,9057068.0,Hot,+1-8791239219,+1-1109783271,www.smartltd.com,SMA,Government,577.0
Elite Corp,ACC014,Branch,Partner,Manufacturing,2018393.0,Hot,+1-161-182-4007,+1-885-233-7691,www.elitecorp.com,ELI,Subsidiary,270.0
Tech Industries_096,ACC096,Regional,Partner,Transportation,1277238.0,Cold,+1-7956154603,+1-7124493021,www.techindustries.com,TEC,Subsidiary,872.0
Omega Technologies_173,ACC173,Satellite,Partner,Manufacturing,5180537.0,Hot,+1-1531141172,+1-6076948187,www.omegatechnologies.com,OME,Public,828.0
Prime Dynamics_038,ACC038,HQ,Prospect,Manufacturing,9104009.0,Warm,+1-8508925332,+1-9672577071,www.primedynamics.com,PRI,Government,763.0
Tech Systems_118,ACC118,Branch,Competitor,Healthcare,7260460.0,Hot,+1-3822387724,+1-2686476488,www.techsystems.com,TEC,Subsidiary,846.0
Global Group_136,ACC136,Main,Other,Education,9068596.0,Cold,+1-2116187972,+1-1788498050,www.globalgroup.com,GLO,Government,311.0
Tech Dynamics,ACC041,Branch,Prospect,Healthcare,3503910.0,Hot,+1-886-865-3348,+1-719-761-8868,www.techdynamics.com,TEC,Public,70.0
Alpha Industries_103,ACC103,Satellite,Customer,Transportation,5321998.0,Cold,+1-9038577275,+1-4082104701,www.alphaindustries.com,ALP,Subsidiary,516.0
Elite Corp_108,ACC108,Main,Customer,Retail,7192860.0,Hot,+1-8853769222,+1-7773039878,www.elitecorp.com,ELI,Public,755.0
Global Systems_171,ACC171,Branch,Competitor,Retail,9301012.0,Warm,+1-9739682318,+1-3509608542,www.globalsystems.com,GLO,Private,300.0
Future Inc,ACC042,HQ,Partner,Healthcare,3924816.0,Hot,+1-431-656-1157,+1-163-561-4468,www.futureinc.com,FUT,Public,337.0
Omega Inc_126,ACC126,HQ,Prospect,Manufacturing,6744224.0,Hot,+1-3806391599,+1-8763529657,www.omegainc.com,OME,Private,910.0
Tech Corp,ACC011,HQ,Customer,Finance,1116205.0,Cold,+1-992-355-9745,+1-679-820-1329,www.techcorp.com,TEC,Private,335.0
Beta Dynamics_091,ACC091,Main,Partner,Finance,6268489.0,Hot,+1-9207439448,+1-3256754350,www.betadynamics.com,BET,Other,922.0
Global Industries_200,ACC200,Main,Competitor,Finance,6353329.0,Warm,+1-5173478592,+1-8298876583,www.globalindustries.com,GLO,Government,588.0
Global Industries_032,ACC032,Branch,Competitor,Healthcare,6582682.0,Hot,+1-3352026085,+1-2318481788,www.globalindustries.com,GLO,Public,230.0
Beta Dynamics_099,ACC099,HQ,Customer,Finance,3476799.0,Warm,+1-7658744027,+1-3242624407,www.betadynamics.com,BET,Subsidiary,138.0
Prime Dynamics_144,ACC144,HQ,Other,Media,4635427.0,Hot,+1-3758245275,+1-2411549019,www.primedynamics.com,PRI,Subsidiary,607.0
Beta Industries,ACC036,Main,Partner,Manufacturing,817177.0,Warm,+1-249-761-8446,+1-724-179-5587,www.betaindustries.com,BET,Subsidiary,439.0
Elite Dynamics_022,ACC022,Regional,Customer,Energy,1694464.0,Warm,+1-3361596521,+1-4921596585,www.elitedynamics.com,ELI,Subsidiary,985.0
Global International_041,ACC041,Regional,Partner,Media,1542916.0,Cold,+1-9801197517,+1-2001459010,www.globalinternational.com,GLO,Government,361.0
Alpha Inc,ACC040,HQ,Prospect,Healthcare,2841761.0,Warm,+1-144-538-9867,+1-547-793-1953,www.alphainc.com,ALP,Subsidiary,340.0
Global International,ACC020,Branch,Prospect,Retail,3646476.0,Cold,+1-444-260-3120,+1-451-553-3896,www.globalinternational.com,GLO,Private,185.0
Smart Dynamics,ACC024,Main,Prospect,Manufacturing,773212.0,Warm,+1-618-809-8467,+1-368-516-4881,www.smartdynamics.com,SMA,Subsidiary,357.0
Omega Systems_049,ACC049,HQ,Other,Construction,716369.0,Warm,+1-6028989738,+1-1578404011,www.omegasystems.com,OME,Private,481.0
Future International_030,ACC030,Regional,Prospect,Construction,8816768.0,Cold,+1-1624386955,+1-3104983170,www.futureinternational.com,FUT,Public,801.0
Smart Corp_057,ACC057,Branch,Prospect,Manufacturing,4162546.0,Cold,+1-8752233299,+1-7778897289,www.smartcorp.com,SMA,Public,814.0
Prime Group_035,ACC035,Main,Customer,Media,7488618.0,Cold,+1-6378069388,+1-9605867533,www.primegroup.com,PRI,Government,194.0
Delta Inc_199,ACC199,Branch,Partner,Transportation,2872411.0,Cold,+1-2627166137,+1-3283909767,www.deltainc.com,DEL,Public,191.0
Alpha Technologies,ACC010,Main,Prospect,Healthcare,871956.0,Hot,+1-882-691-1777,+1-723-641-2049,www.alphatechnologies.com,ALP,Private,231.0
Prime Dynamics_044,ACC044,Regional,Competitor,Manufacturing,6202414.0,Hot,+1-9548217449,+1-1412552533,www.primedynamics.com,PRI,Public,376.0
Alpha Group_034,ACC034,HQ,Other,Media,4701790.0,Hot,+1-2191488467,+1-6489559354,www.alphagroup.com,ALP,Subsidiary,337.0
Omega Inc_130,ACC130,Regional,Competitor,Education,3585519.0,Warm,+1-3209415503,+1-9245497402,www.omegainc.com,OME,Government,783.0
Future Dynamics_133,ACC133,Main,Other,Energy,7642507.0,Warm,+1-9233018935,+1-9464744812,www.futuredynamics.com,FUT,Government,394.0
Smart Industries_048,ACC048,Satellite,Other,Energy,1005907.0,Cold,+1-1713576978,+1-4649975308,www.smartindustries.com,SMA,Private,367.0
Beta Solutions_058,ACC058,HQ,Partner,Manufacturing,7676820.0,Cold,+1-8101157681,+1-2057362458,www.betasolutions.com,BET,Other,347.0
Future Inc_145,ACC145,Regional,Prospect,Finance,1048954.0,Cold,+1-3816453986,+1-8491141604,www.futureinc.com,FUT,Subsidiary,318.0
Smart Inc_184,ACC184,Main,Competitor,Retail,3808286.0,Hot,+1-3523929406,+1-1339006857,www.smartinc.com,SMA,Subsidiary,541.0
Future Ltd_192,ACC192,HQ,Partner,Energy,4352274.0,Warm,+1-7766527414,+1-9821537582,www.futureltd.com,FUT,Government,838.0
Prime Inc_062,ACC062,Branch,Other,Construction,7315241.0,Hot,+1-1324935685,+1-6905756662,www.primeinc.com,PRI,Other,348.0
Omega Systems,ACC048,Main,Prospect,Healthcare,2143441.0,Hot,+1-544-882-1702,+1-712-271-1943,www.omegasystems.com,OME,Public,349.0
TestAccount9,10000009,Site_J,Customer,Technology,5000000.0,Hot,+1-800-555-1009,+1-800-555-2009,https://testaccount9.com,SYM9,Public,95.0
Smart Technologies_063,ACC063,Main,Prospect,Media,7033927.0,Cold,+1-1052446458,+1-6323885562,www.smarttechnologies.com,SMA,Public,249.0
Beta Solutions_010,ACC010,Regional,Other,Energy,9919029.0,Cold,+1-1548404796,+1-7977446241,www.betasolutions.com,BET,Public,262.0
Prime International,ACC016,Branch,Prospect,Manufacturing,2285919.0,Warm,+1-320-181-2344,+1-642-962-9413,www.primeinternational.com,PRI,Subsidiary,410.0
Alpha Corp,ACC040,Branch,Partner,Retail,3181550.0,Cold,+1-951-327-1159,+1-155-368-1378,www.alphacorp.com,ALP,Private,165.0
Smart International_070,ACC070,Satellite,Competitor,Construction,6709409.0,Cold,+1-2775232541,+1-4002689606,www.smartinternational.com,SMA,Subsidiary,970.0
Tech Technologies,ACC016,Branch,Customer,Retail,2648138.0,Cold,+1-791-605-3446,+1-189-498-7580,www.techtechnologies.com,TEC,Private,114.0
Beta Solutions,ACC017,HQ,Prospect,Manufacturing,4853844.0,Hot,+1-547-346-2404,+1-793-366-9171,www.betasolutions.com,BET,Public,214.0
Prime Solutions_087,ACC087,Regional,Competitor,Retail,3486667.0,Warm,+1-4678641153,+1-1986568646,www.primesolutions.com,PRI,Government,526.0
Prime Group_102,ACC102,HQ,Customer,Media,3174811.0,Hot,+1-1846356938,+1-9307255152,www.primegroup.com,PRI,Subsidiary,475.0
Smart Industries_117,ACC117,HQ,Prospect,Transportation,1160017.0,Cold,+1-5828076536,+1-2817947056,www.smartindustries.com,SMA,Public,201.0
Tech Technologies_108,ACC108,Regional,Customer,Energy,3696303.0,Hot,+1-3919456045,+1-8408083846,www.techtechnologies.com,TEC,Government,78.0
Tech Solutions_089,ACC089,Regional,Customer,Retail,7427468.0,Cold,+1-7518255696,+1-9833833822,www.techsolutions.com,TEC,Public,758.0
Beta Systems_153,ACC153,Regional,Other,Healthcare,4741466.0,Warm,+1-9936921001,+1-3057484685,www.betasystems.com,BET,Subsidiary,770.0
Future Technologies_055,ACC055,HQ,Customer,Manufacturing,1282138.0,Warm,+1-9791941310,+1-7172403121,www.futuretechnologies.com,FUT,Other,314.0
Alpha Ltd,ACC019,Branch,Partner,Retail,745354.0,Cold,+1-786-638-2890,+1-314-177-3858,www.alphaltd.com,ALP,Private,349.0
Tech Technologies,ACC016,Branch,Customer,Retail,2648138.0,Cold,+1-791-605-3446,+1-189-498-7580,www.techtechnologies.com,TEC,Private,114.0
Delta Group_167,ACC167,Branch,Customer,Transportation,5144771.0,Warm,+1-8002614867,+1-4722022668,www.deltagroup.com,DEL,Government,250.0
Future Dynamics_171,ACC171,Branch,Partner,Education,3774287.0,Cold,+1-8272946109,+1-3454399787,www.futuredynamics.com,FUT,Other,162.0
Smart Dynamics_177,ACC177,Branch,Other,Finance,3685341.0,Cold,+1-4761037224,+1-5037128721,www.smartdynamics.com,SMA,Government,855.0
Beta International_198,ACC198,Regional,Competitor,Retail,1972198.0,Hot,+1-8561781295,+1-5248722467,www.betainternational.com,BET,Subsidiary,84.0
Delta Corp,ACC015,Branch,Partner,Manufacturing,3159406.0,Cold,+1-660-574-6045,+1-179-886-7689,www.deltacorp.com,DEL,Subsidiary,131.0
Smart Corp_190,ACC190,Satellite,Partner,Healthcare,7751422.0,Hot,+1-3404878880,+1-4936257204,www.smartcorp.com,SMA,Government,980.0
Global International_182,ACC182,Satellite,Competitor,Technology,3586400.0,Warm,+1-9459663428,+1-7676123073,www.globalinternational.com,GLO,Other,713.0
Global Technologies,ACC020,HQ,Prospect,Finance,4119438.0,Cold,+1-913-575-7909,+1-745-159-4532,www.globaltechnologies.com,GLO,Private,431.0
Omega Dynamics,ACC033,HQ,Prospect,Healthcare,4238054.0,Warm,+1-278-153-1296,+1-568-315-9176,www.omegadynamics.com,OME,Public,62.0
Tech Ltd_193,ACC193,Branch,Competitor,Energy,6269617.0,Cold,+1-6815537071,+1-6725926851,www.techltd.com,TEC,Private,306.0
Delta Dynamics,ACC050,HQ,Partner,Healthcare,1826589.0,Hot,+1-309-482-9539,+1-583-449-4273,www.deltadynamics.com,DEL,Public,219.0
Prime Group_135,ACC135,Satellite,Partner,Transportation,9836505.0,Hot,+1-6848397265,+1-9276498273,www.primegroup.com,PRI,Subsidiary,986.0
Smart International,ACC029,HQ,Prospect,Healthcare,1729986.0,Cold,+1-579-128-6880,+1-506-476-5142,www.smartinternational.com,SMA,Subsidiary,367.0
Delta International_004,ACC004,Branch,Customer,Healthcare,4383758.0,Hot,+1-1358364328,+1-8421002992,www.deltainternational.com,DEL,Public,60.0
Beta Group,ACC048,HQ,Prospect,Manufacturing,3601157.0,Warm,+1-501-665-3784,+1-222-426-6264,www.betagroup.com,BET,Public,420.0
Elite Ltd_005,ACC005,Branch,Customer,Finance,2992716.0,Warm,+1-2527911238,+1-7146136970,www.eliteltd.com,ELI,Government,361.0
Alpha International_031,ACC031,Branch,Competitor,Transportation,4619081.0,Cold,+1-7974673606,+1-7826319879,www.alphainternational.com,ALP,Other,98.0
Delta Inc_064,ACC064,Main,Partner,Manufacturing,4301289.0,Warm,+1-9586983073,+1-9118568615,www.deltainc.com,DEL,Other,193.0
Alpha Inc_012,ACC012,Satellite,Customer,Manufacturing,3817785.0,Warm,+1-8781179210,+1-5081745258,www.alphainc.com,ALP,Government,419.0
Future Industries_025,ACC025,Regional,Partner,Construction,5535007.0,Hot,+1-5125733794,+1-3691235891,www.futureindustries.com,FUT,Private,613.0
Elite Group_112,ACC112,Main,Competitor,Transportation,6426264.0,Hot,+1-7188967949,+1-8268133634,www.elitegroup.com,ELI,Private,432.0
Smart Solutions_022,ACC022,Main,Competitor,Retail,3639248.0,Hot,+1-5425339885,+1-7421574048,www.smartsolutions.com,SMA,Government,350.0
Beta Ltd,ACC041,HQ,Partner,Finance,4842718.0,Hot,+1-312-515-7174,+1-486-656-6010,www.betaltd.com,BET,Private,290.0
Future International,ACC047,Main,Partner,Manufacturing,2112035.0,Hot,+1-472-844-2936,+1-966-723-7679,www.futureinternational.com,FUT,Private,432.0
Global Ltd_033,ACC033,Satellite,Other,Retail,3122387.0,Cold,+1-7167336741,+1-3731407835,www.globalltd.com,GLO,Subsidiary,186.0
Global Inc,ACC021,HQ,Customer,Finance,4316172.0,Warm,+1-748-572-9966,+1-825-401-1103,www.globalinc.com,GLO,Subsidiary,241.0
Smart Solutions_036,ACC036,Regional,Customer,Transportation,5181496.0,Warm,+1-5117459859,+1-5871213493,www.smartsolutions.com,SMA,Subsidiary,210.0
Delta Systems_121,ACC121,Satellite,Competitor,Healthcare,610915.0,Warm,+1-6464454611,+1-2402896877,www.deltasystems.com,DEL,Government,92.0
Delta International_169,ACC169,HQ,Customer,Finance,5400842.0,Warm,+1-1219378246,+1-3223972519,www.deltainternational.com,DEL,Public,102.0
Tech Technologies,ACC025,Branch,Prospect,Retail,768344.0,Cold,+1-151-811-4213,+1-846-227-1669,www.techtechnologies.com,TEC,Subsidiary,305.0
Smart Systems_050,ACC050,Main,Other,Technology,9992924.0,Warm,+1-5989815207,+1-7659797851,www.smartsystems.com,SMA,Subsidiary,451.0
Delta Industries_069,ACC069,Satellite,Competitor,Education,8565237.0,Hot,+1-8043946435,+1-2461807812,www.deltaindustries.com,DEL,Private,725.0
Elite Ltd_117,ACC117,Branch,Customer,Education,9323859.0,Hot,+1-1402342845,+1-9892128368,www.eliteltd.com,ELI,Government,715.0
Beta Inc_162,ACC162,Regional,Customer,Retail,6284267.0,Hot,+1-7545724337,+1-8721306683,www.betainc.com,BET,Subsidiary,399.0
Beta Inc_053,ACC053,Main,Prospect,Energy,8725823.0,Hot,+1-2275049820,+1-2135521744,www.betainc.com,BET,Subsidiary,702.0
Elite Systems_195,ACC195,Branch,Prospect,Construction,707758.0,Hot,+1-4903636683,+1-2301111772,www.elitesystems.com,ELI,Government,349.0
Tech Technologies_061,ACC061,Branch,Competitor,Media,7936953.0,Hot,+1-6673353694,+1-2102921413,www.techtechnologies.com,TEC,Government,739.0
Smart Inc_074,ACC074,Main,Competitor,Technology,2741911.0,Warm,+1-8566499549,+1-2859328160,www.smartinc.com,SMA,Public,929.0
TestAccount7,10000007,Site_H,Customer,Technology,4000000.0,Hot,+1-800-555-1007,+1-800-555-2007,https://testaccount7.com,SYM7,Public,85.0
Beta Inc_063,ACC063,Branch,Prospect,Manufacturing,1709410.0,Hot,+1-8523121152,+1-1721508106,www.betainc.com,BET,Other,419.0
Global Ltd_083,ACC083,HQ,Customer,Media,5151263.0,Warm,+1-2805556473,+1-2368057034,www.globalltd.com,GLO,Other,298.0
Delta International_183,ACC183,HQ,Other,Construction,1449053.0,Cold,+1-5275917236,+1-7527377595,www.deltainternational.com,DEL,Subsidiary,467.0
Alpha Solutions,ACC032,Branch,Customer,Technology,3375811.0,Hot,+1-433-362-7306,+1-118-432-3832,www.alphasolutions.com,ALP,Public,66.0
Beta Technologies_167,ACC167,HQ,Competitor,Retail,9005319.0,Hot,+1-9383169525,+1-9818905469,www.betatechnologies.com,BET,Public,900.0
Alpha Group_075,ACC075,Main,Partner,Finance,1588629.0,Cold,+1-4996172643,+1-9545828525,www.alphagroup.com,ALP,Government,592.0
Delta Technologies_078,ACC078,Regional,Partner,Transportation,1340043.0,Cold,+1-8678782528,+1-5875689289,www.deltatechnologies.com,DEL,Private,306.0
Delta Corp_079,ACC079,Branch,Prospect,Healthcare,4845965.0,Hot,+1-3462928141,+1-6548635561,www.deltacorp.com,DEL,Public,705.0
Beta Technologies_084,ACC084,Main,Partner,Finance,8414833.0,Hot,+1-7628703098,+1-2966836310,www.betatechnologies.com,BET,Government,132.0
Elite Ltd_190,ACC190,Satellite,Partner,Transportation,9264767.0,Cold,+1-8488059176,+1-8171764024,www.eliteltd.com,ELI,Subsidiary,172.0
Beta Group_092,ACC092,Satellite,Other,Healthcare,5722371.0,Warm,+1-5365303854,+1-5888427544,www.betagroup.com,BET,Other,820.0
Smart Ltd,ACC025,Main,Customer,Finance,1990515.0,Hot,+1-744-526-7839,+1-950-445-9931,www.smartltd.com,SMA,Public,169.0
Alpha Ltd_095,ACC095,Branch,Customer,Healthcare,8032224.0,Hot,+1-8444554494,+1-7527307711,www.alphaltd.com,ALP,Government,773.0
Smart Group_191,ACC191,Main,Competitor,Energy,3167715.0,Warm,+1-1619201135,+1-9437312801,www.smartgroup.com,SMA,Public,861.0
Smart Systems,ACC006,HQ,Prospect,Manufacturing,997476.0,Hot,+1-156-697-2537,+1-696-344-3196,www.smartsystems.com,SMA,Public,360.0
Elite Dynamics_101,ACC101,HQ,Competitor,Media,595993.0,Warm,+1-1538537050,+1-8408864276,www.elitedynamics.com,ELI,Other,891.0
Future Ltd_147,ACC147,Regional,Prospect,Construction,9148310.0,Hot,+1-2467183561,+1-5708031441,www.futureltd.com,FUT,Other,77.0
Alpha Industries_102,ACC102,Main,Partner,Media,3283034.0,Hot,+1-2707826306,+1-7782428344,www.alphaindustries.com,ALP,Government,366.0
Future Group_106,ACC106,Branch,Partner,Transportation,2674488.0,Cold,+1-4946582986,+1-6677116917,www.futuregroup.com,FUT,Other,273.0
Beta Technologies_128,ACC128,Main,Competitor,Retail,4595139.0,Warm,+1-1944528414,+1-5412802684,www.betatechnologies.com,BET,Government,702.0
Elite Technologies_196,ACC196,Regional,Partner,Healthcare,4200376.0,Warm,+1-6997743417,+1-1403085559,www.elitetechnologies.com,ELI,Subsidiary,307.0
Future Dynamics,ACC001,HQ,Prospect,Retail,4495493.0,Hot,+1-766-525-2198,+1-431-402-9448,www.futuredynamics.com,FUT,Public,97.0
Delta Group,ACC019,Main,Partner,Retail,1606358.0,Warm,+1-611-879-5618,+1-437-389-6687,www.deltagroup.com,DEL,Private,266.0
Omega Dynamics,ACC033,HQ,Prospect,Healthcare,4238054.0,Warm,+1-278-153-1296,+1-568-315-9176,www.omegadynamics.com,OME,Public,62.0
Prime Solutions_132,ACC132,Regional,Other,Technology,6844045.0,Warm,+1-5717724453,+1-2628863804,www.primesolutions.com,PRI,Government,871.0
Beta Corp_134,ACC134,Main,Prospect,Energy,5672011.0,Warm,+1-2271178828,+1-1937637684,www.betacorp.com,BET,Government,92.0
Delta International_165,ACC165,Branch,Other,Education,9372967.0,Hot,+1-7472216385,+1-1108813136,www.deltainternational.com,DEL,Subsidiary,699.0
Beta Dynamics,ACC036,Main,Partner,Retail,1141300.0,Hot,+1-451-153-3380,+1-230-611-9242,www.betadynamics.com,BET,Private,57.0
Tech Inc_172,ACC172,Regional,Prospect,Manufacturing,4258174.0,Cold,+1-5453985234,+1-5303307147,www.techinc.com,TEC,Private,591.0
Alpha International_176,ACC176,Branch,Other,Technology,607748.0,Warm,+1-9558075144,+1-6817568538,www.alphainternational.com,ALP,Other,502.0
Beta Corp_178,ACC178,Satellite,Competitor,Media,8527316.0,Cold,+1-2695201605,+1-9121563156,www.betacorp.com,BET,Private,644.0
Delta Dynamics,ACC044,HQ,Partner,Manufacturing,510370.0,Cold,+1-373-682-5989,+1-851-823-7256,www.deltadynamics.com,DEL,Private,138.0
Elite International,ACC035,Main,Prospect,Retail,1317440.0,Warm,+1-342-932-7746,+1-253-165-6678,www.eliteinternational.com,ELI,Private,62.0
Prime Group,ACC046,Main,Customer,Manufacturing,584517.0,Cold,+1-265-597-1016,+1-495-752-1699,www.primegroup.com,PRI,Private,398.0
Prime Technologies,ACC034,Main,Customer,Healthcare,4348527.0,Cold,+1-757-762-5733,+1-140-631-4571,www.primetechnologies.com,PRI,Private,213.0
Omega Systems,ACC036,Main,Prospect,Finance,2132136.0,Cold,+1-691-106-1492,+1-249-125-4611,www.omegasystems.com,OME,Private,151.0
Future International,ACC017,Branch,Customer,Technology,2087443.0,Cold,+1-385-723-7474,+1-656-514-8781,www.futureinternational.com,FUT,Subsidiary,215.0
Global Technologies,ACC024,Branch,Partner,Manufacturing,700741.0,Cold,+1-266-708-8211,+1-132-618-7543,www.globaltechnologies.com,GLO,Private,475.0
Future International,ACC020,Branch,Partner,Healthcare,1592553.0,Warm,+1-186-336-2622,+1-537-783-8515,www.futureinternational.com,FUT,Subsidiary,403.0
Future Industries,ACC014,Main,Prospect,Technology,1332827.0,Hot,+1-272-405-1262,+1-347-142-1985,www.futureindustries.com,FUT,Private,211.0
Omega Group,ACC006,Main,Prospect,Finance,1256869.0,Warm,+1-665-298-9203,+1-593-508-7238,www.omegagroup.com,OME,Private,55.0
Global Systems,ACC004,Branch,Partner,Healthcare,3333360.0,Warm,+1-170-233-9677,+1-926-794-8461,www.globalsystems.com,GLO,Subsidiary,421.0
TestAccount0,10000000,Site_A,Customer,Technology,500000.0,Warm,+1-800-555-1000,+1-800-555-2000,https://testaccount0.com,SYM0,Private,50.0
Global Inc,ACC008,Main,Partner,Manufacturing,1682005.0,Hot,+1-516-872-4334,+1-835-888-7088,www.globalinc.com,GLO,Subsidiary,54.0
Smart Group,ACC009,Main,Partner,Finance,2320518.0,Warm,+1-840-560-9211,+1-478-525-9493,www.smartgroup.com,SMA,Public,191.0
Future Corp,ACC041,Branch,Customer,Retail,1768749.0,Hot,+1-945-142-9685,+1-894-895-6046,www.futurecorp.com,FUT,Public,219.0
Tech Group,ACC009,HQ,Prospect,Manufacturing,2531190.0,Cold,+1-120-589-8379,+1-634-439-6144,www.techgroup.com,TEC,Subsidiary,108.0
Tech Dynamics,ACC041,Branch,Prospect,Healthcare,3503910.0,Hot,+1-886-865-3348,+1-719-761-8868,www.techdynamics.com,TEC,Public,70.0
Prime Technologies,ACC043,Main,Customer,Finance,4410815.0,Cold,+1-173-608-4445,+1-858-543-8165,www.primetechnologies.com,PRI,Subsidiary,473.0
Global Ltd,ACC022,Branch,Customer,Retail,2375898.0,Cold,+1-880-537-1133,+1-927-595-1561,www.globalltd.com,GLO,Private,490.0
Tech Inc,ACC034,HQ,Prospect,Retail,4209467.0,Warm,+1-299-368-9315,+1-910-863-5687,www.techinc.com,TEC,Public,478.0
Delta Group,ACC002,Main,Prospect,Finance,1584845.0,Warm,+1-424-404-5913,+1-482-463-1450,www.deltagroup.com,DEL,Private,474.0
Future Corp,ACC004,HQ,Customer,Retail,1184647.0,Hot,+1-650-236-4549,+1-958-193-1848,www.futurecorp.com,FUT,Public,432.0
Prime Industries,ACC024,Branch,Prospect,Retail,2115468.0,Cold,+1-513-635-3108,+1-965-707-5692,www.primeindustries.com,PRI,Public,186.0
Beta Technologies,ACC035,Main,Prospect,Finance,2193921.0,Hot,+1-568-244-3579,+1-641-759-7533,www.betatechnologies.com,BET,Subsidiary,63.0
Omega Systems,ACC036,Main,Prospect,Finance,2132136.0,Cold,+1-691-106-1492,+1-249-125-4611,www.omegasystems.com,OME,Private,151.0
Tech Dynamics,ACC007,Branch,Customer,Retail,4836014.0,Hot,+1-740-942-1400,+1-481-605-9321,www.techdynamics.com,TEC,Public,208.0
Tech Solutions,ACC045,Main,Prospect,Healthcare,1967022.0,Warm,+1-987-990-6346,+1-723-841-4987,www.techsolutions.com,TEC,Public,345.0
Future Ltd,ACC045,Branch,Prospect,Finance,3945264.0,Warm,+1-611-496-9338,+1-703-872-1035,www.futureltd.com,FUT,Public,421.0
Delta Corp,ACC015,Branch,Partner,Manufacturing,3159406.0,Cold,+1-660-574-6045,+1-179-886-7689,www.deltacorp.com,DEL,Subsidiary,131.0
Global Systems,ACC018,HQ,Prospect,Technology,1885663.0,Warm,+1-651-657-9671,+1-862-336-5929,www.globalsystems.com,GLO,Private,117.0
Future International,ACC021,Main,Prospect,Healthcare,3675468.0,Hot,+1-958-939-8750,+1-904-863-9801,www.futureinternational.com,FUT,Private,51.0
Future Systems,ACC012,HQ,Partner,Healthcare,4228976.0,Hot,+1-430-439-2083,+1-553-305-9892,www.futuresystems.com,FUT,Public,208.0
Elite Dynamics,ACC049,Main,Customer,Retail,2053486.0,Warm,+1-399-222-6266,+1-359-470-1699,www.elitedynamics.com,ELI,Subsidiary,376.0
Smart Corp,ACC002,HQ,Prospect,Manufacturing,3751122.0,Cold,+1-223-857-8413,+1-689-572-6821,www.smartcorp.com,SMA,Subsidiary,420.0
Tech International,ACC007,Branch,Partner,Finance,4299180.0,Warm,+1-962-283-9239,+1-607-602-2262,www.techinternational.com,TEC,Subsidiary,192.0
Tech Corp,ACC015,HQ,Partner,Finance,1883862.0,Cold,+1-385-681-9207,+1-584-880-3804,www.techcorp.com,TEC,Public,491.0
Tech International,ACC007,Branch,Partner,Finance,4299180.0,Warm,+1-962-283-9239,+1-607-602-2262,www.techinternational.com,TEC,Subsidiary,192.0
Tech Technologies,ACC025,Branch,Prospect,Retail,768344.0,Cold,+1-151-811-4213,+1-846-227-1669,www.techtechnologies.com,TEC,Subsidiary,305.0
Prime International,ACC033,HQ,Partner,Healthcare,2286029.0,Hot,+1-370-710-9993,+1-869-555-3298,www.primeinternational.com,PRI,Private,197.0
Alpha Corp,ACC040,Branch,Partner,Retail,3181550.0,Cold,+1-951-327-1159,+1-155-368-1378,www.alphacorp.com,ALP,Private,165.0
Future Dynamics,ACC042,Main,Partner,Retail,3107896.0,Warm,+1-203-701-7625,+1-424-530-3732,www.futuredynamics.com,FUT,Public,221.0
TestAccount3,10000003,Site_D,Customer,Technology,2000000.0,Hot,+1-800-555-1003,+1-800-555-2003,https://testaccount3.com,SYM3,Public,65.0
Global International,ACC023,Main,Prospect,Healthcare,1515607.0,Cold,+1-553-776-8824,+1-583-746-7713,www.globalinternational.com,GLO,Private,74.0
TestAccount6,10000006,Site_G,Customer,Technology,3500000.0,Warm,+1-800-555-1006,+1-800-555-2006,https://testaccount6.com,SYM6,Private,80.0
Omega Systems,ACC048,Main,Prospect,Healthcare,2143441.0,Hot,+1-544-882-1702,+1-712-271-1943,www.omegasystems.com,OME,Public,349.0
Tech International,ACC027,Main,Prospect,Healthcare,1723363.0,Cold,+1-701-767-5235,+1-838-600-6493,www.techinternational.com,TEC,Public,256.0
Elite Group,ACC027,Branch,Partner,Finance,3468708.0,Hot,+1-663-210-9283,+1-162-811-6265,www.elitegroup.com,ELI,Private,322.0
Global Ltd,ACC022,Branch,Customer,Retail,2375898.0,Cold,+1-880-537-1133,+1-927-595-1561,www.globalltd.com,GLO,Private,490.0
Tech Inc,ACC034,HQ,Prospect,Retail,4209467.0,Warm,+1-299-368-9315,+1-910-863-5687,www.techinc.com,TEC,Public,478.0
Smart Solutions,ACC005,HQ,Partner,Manufacturing,3120421.0,Warm,+1-801-306-2271,+1-738-151-6434,www.smartsolutions.com,SMA,Subsidiary,132.0
Future Systems,ACC012,HQ,Partner,Healthcare,4228976.0,Hot,+1-430-439-2083,+1-553-305-9892,www.futuresystems.com,FUT,Public,208.0
Smart Technologies,ACC013,HQ,Prospect,Healthcare,3249426.0,Cold,+1-451-959-8288,+1-769-948-1983,www.smarttechnologies.com,SMA,Public,68.0
Global Industries,ACC022,Branch,Prospect,Finance,1640796.0,Warm,+1-855-693-1012,+1-103-347-4534,www.globalindustries.com,GLO,Private,140.0
Alpha Inc,ACC040,HQ,Prospect,Healthcare,2841761.0,Warm,+1-144-538-9867,+1-547-793-1953,www.alphainc.com,ALP,Subsidiary,340.0
Smart Ltd,ACC042,HQ,Prospect,Manufacturing,2804717.0,Cold,+1-229-853-6946,+1-607-712-8905,www.smartltd.com,SMA,Private,450.0
Omega Inc,ACC043,Branch,Customer,Manufacturing,2971393.0,Cold,+1-593-916-2744,+1-146-612-8798,www.omegainc.com,OME,Private,151.0
Prime Inc,ACC044,Branch,Prospect,Manufacturing,1454229.0,Warm,+1-806-873-1806,+1-966-579-4527,www.primeinc.com,PRI,Private,91.0
Alpha Ltd,ACC050,HQ,Partner,Technology,4724383.0,Hot,+1-515-321-6702,+1-796-671-8494,www.alphaltd.com,ALP,Private,415.0
Smart Ltd,ACC037,HQ,Customer,Finance,1476009.0,Warm,+1-533-675-2305,+1-959-731-9488,www.smartltd.com,SMA,Public,188.0
Delta Group,ACC019,Main,Partner,Retail,1606358.0,Warm,+1-611-879-5618,+1-437-389-6687,www.deltagroup.com,DEL,Private,266.0
Tech Dynamics,ACC007,Branch,Customer,Retail,4836014.0,Hot,+1-740-942-1400,+1-481-605-9321,www.techdynamics.com,TEC,Public,208.0
Delta Group,ACC002,Main,Prospect,Finance,1584845.0,Warm,+1-424-404-5913,+1-482-463-1450,www.deltagroup.com,DEL,Private,474.0
Beta Dynamics,ACC028,Branch,Prospect,Manufacturing,1302326.0,Hot,+1-255-994-6346,+1-793-614-6511,www.betadynamics.com,BET,Private,191.0
Omega International,ACC048,Branch,Customer,Finance,4481500.0,Warm,+1-837-980-9112,+1-286-246-8500,www.omegainternational.com,OME,Public,80.0
Alpha International,ACC003,HQ,Prospect,Technology,624457.0,Hot,+1-364-870-2548,+1-974-219-4760,www.alphainternational.com,ALP,Public,343.0
Smart Ltd,ACC008,Branch,Partner,Retail,4572210.0,Cold,+1-402-989-3018,+1-959-341-9045,www.smartltd.com,SMA,Public,276.0
Tech Ltd,ACC044,Main,Customer,Finance,720273.0,Cold,+1-603-808-8342,+1-160-369-3936,www.techltd.com,TEC,Public,493.0
Tech Industries,ACC038,HQ,Partner,Manufacturing,867177.0,Cold,+1-604-769-3841,+1-816-582-3319,www.techindustries.com,TEC,Subsidiary,101.0
Prime International,ACC016,Branch,Prospect,Manufacturing,2285919.0,Warm,+1-320-181-2344,+1-642-962-9413,www.primeinternational.com,PRI,Subsidiary,410.0
Global Systems,ACC018,HQ,Prospect,Technology,1885663.0,Warm,+1-651-657-9671,+1-862-336-5929,www.globalsystems.com,GLO,Private,117.0
Delta Group,ACC023,HQ,Partner,Retail,2943897.0,Cold,+1-772-741-6120,+1-117-275-4184,www.deltagroup.com,DEL,Subsidiary,60.0
Delta Inc,ACC046,HQ,Customer,Manufacturing,4550189.0,Cold,+1-950-986-6097,+1-210-712-1327,www.deltainc.com,DEL,Public,174.0
TestAccount8,10000008,Site_I,Customer,Technology,4500000.0,Warm,+1-800-555-1008,+1-800-555-2008,https://testaccount8.com,SYM8,Private,90.0
